Database,Publisher,User_Activity,2013 S2 (Summer),2013 S3 (Fall),2014 S1 (Spring),2014 S2 (Summer),2014 S3 (Fall),2015 S1 (Spring),2015 S2 (Summer),2015 S3 (Fall),2016 S1 (Spring),2016 S2 (Summer),2016 S3 (Fall),2017 S1 (Spring)
Университетская библиотека онлайн - University Library Online,EBSCO,Record Views,NA,NA,NA,0,0,0,0,0,NA,NA,NA,NA
Университетская библиотека онлайн - University Library Online,EBSCO,Regular Searches,NA,NA,NA,0,0,0,0,0,NA,NA,NA,NA
Университетская библиотека онлайн - University Library Online,EBSCO,Result Clicks,NA,NA,NA,0,0,0,0,0,NA,NA,NA,NA
Университетская библиотека онлайн - University Library Online,EBSCO,Searches-federated and automated,NA,NA,NA,0,80,69,0,0,NA,NA,NA,NA
"ABC-CLIO Social Studies Databases, Academic Edition",EBSCO,Record Views,NA,NA,NA,0,0,0,0,0,NA,NA,NA,NA
"ABC-CLIO Social Studies Databases, Academic Edition",EBSCO,Regular Searches,NA,NA,NA,0,0,0,0,0,NA,NA,NA,NA
"ABC-CLIO Social Studies Databases, Academic Edition",EBSCO,Result Clicks,NA,NA,NA,0,0,0,0,0,NA,NA,NA,NA
"ABC-CLIO Social Studies Databases, Academic Edition",EBSCO,Searches-federated and automated,NA,NA,NA,0,80,71,0,0,NA,NA,NA,NA
"ABC-CLIO Social Studies Databases, School Edition",EBSCO,Record Views,NA,NA,NA,0,0,0,0,0,NA,NA,NA,NA
"ABC-CLIO Social Studies Databases, School Edition",EBSCO,Regular Searches,NA,NA,NA,0,0,0,0,0,NA,NA,NA,NA
"ABC-CLIO Social Studies Databases, School Edition",EBSCO,Result Clicks,NA,NA,NA,0,0,0,0,0,NA,NA,NA,NA
"ABC-CLIO Social Studies Databases, School Edition",EBSCO,Searches-federated and automated,NA,NA,NA,0,80,71,0,0,NA,NA,NA,NA
Academic OneFile,EBSCO,Record Views,NA,NA,NA,0,0,2,0,0,NA,NA,NA,NA
Academic OneFile,EBSCO,Regular Searches,NA,NA,NA,0,0,0,0,0,NA,NA,NA,NA
Academic OneFile,EBSCO,Result Clicks,NA,NA,NA,0,9,5,0,0,NA,NA,NA,NA
Academic OneFile,EBSCO,Searches-federated and automated,NA,NA,NA,0,81,71,0,0,NA,NA,NA,NA
Academic Search Complete,EBSCO,Record Views,0,0,0,1274,24025,21995,3539,15110,12450,5516,17851,8841
Academic Search Complete,EBSCO,Regular Searches,0,0,0,1839,36042,31030,4604,16251,14807,6556,21555,10738
Academic Search Complete,EBSCO,Result Clicks,0,0,0,2212,43777,40642,7352,26258,22137,10661,31366,15859
Academic Search Complete,EBSCO,Searches-federated and automated,0,0,0,0,80,1156,4948,22961,19058,9981,24969,15880
Academic Search Premier,EBSCO,Record Views,1007,13680,17402,2643,142,NA,NA,NA,NA,NA,NA,NA
Academic Search Premier,EBSCO,Regular Searches,1793,19942,23020,3869,572,NA,NA,NA,NA,NA,NA,NA
Academic Search Premier,EBSCO,Result Clicks,1821,25348,32120,5151,259,NA,NA,NA,NA,NA,NA,NA
Academic Search Premier,EBSCO,Searches-federated and automated,39,0,3,0,0,NA,NA,NA,NA,NA,NA,NA
AccessAnesthesiology,EBSCO,Record Views,NA,NA,NA,0,0,0,0,0,NA,NA,NA,NA
AccessAnesthesiology,EBSCO,Regular Searches,NA,NA,NA,0,0,0,0,0,NA,NA,NA,NA
AccessAnesthesiology,EBSCO,Result Clicks,NA,NA,NA,0,0,0,0,0,NA,NA,NA,NA
AccessAnesthesiology,EBSCO,Searches-federated and automated,NA,NA,NA,0,80,69,0,0,NA,NA,NA,NA
AccessEmergency Medicine,EBSCO,Record Views,NA,NA,NA,0,0,0,0,0,NA,NA,NA,NA
AccessEmergency Medicine,EBSCO,Regular Searches,NA,NA,NA,0,0,0,0,0,NA,NA,NA,NA
AccessEmergency Medicine,EBSCO,Result Clicks,NA,NA,NA,0,0,0,0,0,NA,NA,NA,NA
AccessEmergency Medicine,EBSCO,Searches-federated and automated,NA,NA,NA,0,80,69,0,0,NA,NA,NA,NA
AccessEngineering,EBSCO,Record Views,NA,NA,NA,0,0,0,0,0,NA,NA,NA,NA
AccessEngineering,EBSCO,Regular Searches,NA,NA,NA,0,0,0,0,0,NA,NA,NA,NA
AccessEngineering,EBSCO,Result Clicks,NA,NA,NA,0,0,0,0,0,NA,NA,NA,NA
AccessEngineering,EBSCO,Searches-federated and automated,NA,NA,NA,0,80,69,0,0,NA,NA,NA,NA
Accessible Archives,EBSCO,Record Views,NA,NA,NA,0,0,0,0,0,NA,NA,NA,NA
Accessible Archives,EBSCO,Regular Searches,NA,NA,NA,0,0,0,0,0,NA,NA,NA,NA
Accessible Archives,EBSCO,Result Clicks,NA,NA,NA,0,0,0,0,0,NA,NA,NA,NA
Accessible Archives,EBSCO,Searches-federated and automated,NA,NA,NA,0,80,69,0,0,NA,NA,NA,NA
AccessMedicine,EBSCO,Record Views,NA,NA,NA,0,0,0,0,0,NA,NA,NA,NA
AccessMedicine,EBSCO,Regular Searches,NA,NA,NA,0,0,0,0,0,NA,NA,NA,NA
AccessMedicine,EBSCO,Result Clicks,NA,NA,NA,0,0,0,0,0,NA,NA,NA,NA
AccessMedicine,EBSCO,Searches-federated and automated,NA,NA,NA,0,80,69,0,0,NA,NA,NA,NA
AccessPediatrics,EBSCO,Record Views,NA,NA,NA,0,0,0,0,0,NA,NA,NA,NA
AccessPediatrics,EBSCO,Regular Searches,NA,NA,NA,0,0,0,0,0,NA,NA,NA,NA
AccessPediatrics,EBSCO,Result Clicks,NA,NA,NA,0,0,0,0,0,NA,NA,NA,NA
AccessPediatrics,EBSCO,Searches-federated and automated,NA,NA,NA,0,80,69,0,0,NA,NA,NA,NA
AccessPharmacy,EBSCO,Record Views,NA,NA,NA,0,0,0,0,0,NA,NA,NA,NA
AccessPharmacy,EBSCO,Regular Searches,NA,NA,NA,0,0,0,0,0,NA,NA,NA,NA
AccessPharmacy,EBSCO,Result Clicks,NA,NA,NA,0,0,0,0,0,NA,NA,NA,NA
AccessPharmacy,EBSCO,Searches-federated and automated,NA,NA,NA,0,80,69,0,0,NA,NA,NA,NA
AccessScience,EBSCO,Record Views,NA,NA,NA,0,0,0,0,0,NA,NA,NA,NA
AccessScience,EBSCO,Regular Searches,NA,NA,NA,0,0,0,0,0,NA,NA,NA,NA
AccessScience,EBSCO,Result Clicks,NA,NA,NA,0,0,0,0,0,NA,NA,NA,NA
AccessScience,EBSCO,Searches-federated and automated,NA,NA,NA,0,80,69,0,0,NA,NA,NA,NA
AccessSurgery,EBSCO,Record Views,NA,NA,NA,0,0,0,0,0,NA,NA,NA,NA
AccessSurgery,EBSCO,Regular Searches,NA,NA,NA,0,0,0,0,0,NA,NA,NA,NA
AccessSurgery,EBSCO,Result Clicks,NA,NA,NA,0,0,0,0,0,NA,NA,NA,NA
AccessSurgery,EBSCO,Searches-federated and automated,NA,NA,NA,0,80,69,0,0,NA,NA,NA,NA
ACLS Humanities E-Book,EBSCO,Record Views,NA,NA,NA,0,0,0,0,2,4,0,6,0
ACLS Humanities E-Book,EBSCO,Regular Searches,NA,NA,NA,0,0,0,0,0,0,0,0,0
ACLS Humanities E-Book,EBSCO,Result Clicks,NA,NA,NA,0,0,3,0,4,5,0,10,1
ACLS Humanities E-Book,EBSCO,Searches-federated and automated,NA,NA,NA,0,80,1121,1033,3102,2108,1041,3538,1249
Adam Matthew Digital,EBSCO,Record Views,NA,NA,NA,0,0,0,0,0,NA,NA,NA,NA
Adam Matthew Digital,EBSCO,Regular Searches,NA,NA,NA,0,0,0,0,0,NA,NA,NA,NA
Adam Matthew Digital,EBSCO,Result Clicks,NA,NA,NA,0,0,0,0,0,NA,NA,NA,NA
Adam Matthew Digital,EBSCO,Searches-federated and automated,NA,NA,NA,0,80,71,0,0,NA,NA,NA,NA
African American Music Reference,Alexander Street Press,Record Views,0,0,0,0,0,0,5,1,1,3,23,NA
African American Music Reference,Alexander Street Press,Regular Searches,0,0,0,3,5,3,17,58,35,18,31,NA
African American Music Reference,Alexander Street Press,Result Clicks,0,0,0,0,0,0,5,0,1,1,5,NA
African American Music Reference,Alexander Street Press,Searches-federated and automated,0,0,0,0,0,0,0,0,0,0,0,NA
AGRIS,EBSCO,Record Views,NA,NA,NA,0,0,0,0,0,NA,NA,NA,NA
AGRIS,EBSCO,Regular Searches,NA,NA,NA,0,0,0,0,0,NA,NA,NA,NA
AGRIS,EBSCO,Result Clicks,NA,NA,NA,0,0,0,0,0,NA,NA,NA,NA
AGRIS,EBSCO,Searches-federated and automated,NA,NA,NA,0,80,71,0,0,NA,NA,NA,NA
AHFS Consumer Medication Information,EBSCO,Record Views,0,0,0,0,0,0,0,18,1,0,0,17
AHFS Consumer Medication Information,EBSCO,Regular Searches,288,973,650,341,957,1560,200,952,972,517,694,443
AHFS Consumer Medication Information,EBSCO,Result Clicks,0,0,0,0,0,0,0,18,1,0,0,17
AHFS Consumer Medication Information,EBSCO,Searches-federated and automated,39,0,3,0,0,0,0,0,0,4,0,0
Airiti Library eBooks & Journals - 華藝線上圖書館,EBSCO,Record Views,NA,NA,NA,0,0,0,0,0,NA,NA,NA,NA
Airiti Library eBooks & Journals - 華藝線上圖書館,EBSCO,Regular Searches,NA,NA,NA,0,0,0,0,0,NA,NA,NA,NA
Airiti Library eBooks & Journals - 華藝線上圖書館,EBSCO,Result Clicks,NA,NA,NA,0,0,0,0,0,NA,NA,NA,NA
Airiti Library eBooks & Journals - 華藝線上圖書館,EBSCO,Searches-federated and automated,NA,NA,NA,0,80,71,0,0,NA,NA,NA,NA
Alexander Street Press,EBSCO,Record Views,NA,NA,NA,0,0,4,4,3,12,3,42,3
Alexander Street Press,EBSCO,Regular Searches,NA,NA,NA,0,0,0,0,0,0,0,0,0
Alexander Street Press,EBSCO,Result Clicks,NA,NA,NA,0,1,10,8,4,19,4,58,2
Alexander Street Press,EBSCO,Searches-federated and automated,NA,NA,NA,0,80,1132,1033,3070,2092,1033,3512,1238
American Doctoral Dissertations,EBSCO,Record Views,NA,NA,NA,NA,NA,2,0,1,0,4,0,0
American Doctoral Dissertations,EBSCO,Regular Searches,NA,NA,NA,NA,NA,1531,199,920,936,502,691,382
American Doctoral Dissertations,EBSCO,Result Clicks,NA,NA,NA,NA,NA,5,2,1,0,8,0,0
American Doctoral Dissertations,EBSCO,Searches-federated and automated,NA,NA,NA,NA,NA,1052,1028,3070,2087,1036,3508,1233
"American Doctoral Dissertations, 1933 - 1955",EBSCO,Record Views,NA,NA,NA,0,7,NA,NA,NA,NA,NA,NA,NA
"American Doctoral Dissertations, 1933 - 1955",EBSCO,Regular Searches,NA,NA,NA,0,572,NA,NA,NA,NA,NA,NA,NA
"American Doctoral Dissertations, 1933 - 1955",EBSCO,Result Clicks,NA,NA,NA,0,11,NA,NA,NA,NA,NA,NA,NA
"American Doctoral Dissertations, 1933 - 1955",EBSCO,Searches-federated and automated,NA,NA,NA,0,0,NA,NA,NA,NA,NA,NA,NA
American National Biography Online,EBSCO,Record Views,NA,NA,NA,0,0,0,0,0,NA,NA,NA,NA
American National Biography Online,EBSCO,Regular Searches,NA,NA,NA,0,0,0,0,0,NA,NA,NA,NA
American National Biography Online,EBSCO,Result Clicks,NA,NA,NA,0,0,0,0,0,NA,NA,NA,NA
American National Biography Online,EBSCO,Searches-federated and automated,NA,NA,NA,0,80,69,0,0,NA,NA,NA,NA
Anatomy & Physiology Online,Primal Pictures,Record Views,NA,NA,0,0,0,0,0,0,0,0,0,NA
Anatomy & Physiology Online,Primal Pictures,Regular Searches,NA,NA,0,0,0,0,0,0,0,0,0,NA
Anatomy & Physiology Online,Primal Pictures,Result Clicks,NA,NA,0,0,0,0,0,0,0,0,0,NA
Anatomy & Physiology Online,Primal Pictures,Searches-federated and automated,NA,NA,0,0,0,0,0,0,0,0,0,NA
Aphasiology Archive,EBSCO,Record Views,NA,NA,NA,0,0,0,0,0,NA,NA,NA,NA
Aphasiology Archive,EBSCO,Regular Searches,NA,NA,NA,0,0,0,0,0,NA,NA,NA,NA
Aphasiology Archive,EBSCO,Result Clicks,NA,NA,NA,0,0,0,0,0,NA,NA,NA,NA
Aphasiology Archive,EBSCO,Searches-federated and automated,NA,NA,NA,0,80,69,0,0,NA,NA,NA,NA
Archive of European Integration,EBSCO,Record Views,NA,NA,NA,0,0,0,0,0,NA,NA,NA,NA
Archive of European Integration,EBSCO,Regular Searches,NA,NA,NA,0,0,0,0,0,NA,NA,NA,NA
Archive of European Integration,EBSCO,Result Clicks,NA,NA,NA,0,0,0,0,0,NA,NA,NA,NA
Archive of European Integration,EBSCO,Searches-federated and automated,NA,NA,NA,0,80,69,0,0,NA,NA,NA,NA
arXiv,EBSCO,Record Views,NA,NA,NA,0,0,0,0,0,2,0,3,0
arXiv,EBSCO,Regular Searches,NA,NA,NA,0,0,0,0,0,0,0,0,0
arXiv,EBSCO,Result Clicks,NA,NA,NA,0,0,0,0,0,2,0,8,0
arXiv,EBSCO,Searches-federated and automated,NA,NA,NA,0,80,1121,1029,3070,2086,1032,3504,1232
ATLA Religion Database with ATLASerials,EBSCO,Record Views,1850,6475,6114,1692,3640,4166,1477,4276,4240,2455,5451,2221
ATLA Religion Database with ATLASerials,EBSCO,Regular Searches,3046,9849,10172,3306,6383,7965,1802,5626,6039,3733,7021,2297
ATLA Religion Database with ATLASerials,EBSCO,Result Clicks,3296,12360,11991,4249,7324,8030,3088,8418,8281,5201,10260,4528
ATLA Religion Database with ATLASerials,EBSCO,Searches-federated and automated,40,0,3,0,80,1125,4900,22644,18833,9898,24718,15726
"ATLASerials, Religion Collection",EBSCO,Record Views,248,771,507,377,437,403,265,587,468,377,413,582
"ATLASerials, Religion Collection",EBSCO,Regular Searches,556,1759,505,501,1683,2100,427,1518,1694,1070,1280,1002
"ATLASerials, Religion Collection",EBSCO,Result Clicks,643,1764,1251,1146,1058,996,558,1109,895,935,913,1209
"ATLASerials, Religion Collection",EBSCO,Searches-federated and automated,44,0,0,0,80,1125,1035,3117,2114,1049,3572,1237
Audiobook Collection (EBSCOhost),EBSCO,Record Views,0,0,0,0,0,0,0,0,0,0,0,0
Audiobook Collection (EBSCOhost),EBSCO,Regular Searches,0,0,331,355,1036,1596,209,988,1018,540,759,397
Audiobook Collection (EBSCOhost),EBSCO,Result Clicks,0,0,0,0,0,0,0,0,0,0,0,0
Audiobook Collection (EBSCOhost),EBSCO,Searches-federated and automated,0,0,0,0,80,1121,1028,3070,2086,1036,3507,1233
BiblioBoard,EBSCO,Record Views,NA,NA,NA,0,0,0,0,0,NA,NA,NA,NA
BiblioBoard,EBSCO,Regular Searches,NA,NA,NA,0,0,0,0,0,NA,NA,NA,NA
BiblioBoard,EBSCO,Result Clicks,NA,NA,NA,0,0,0,0,0,NA,NA,NA,NA
BiblioBoard,EBSCO,Searches-federated and automated,NA,NA,NA,0,80,69,0,0,NA,NA,NA,NA
Bibliotheksverbund Bayern,EBSCO,Record Views,NA,NA,NA,0,1,0,0,0,NA,NA,NA,NA
Bibliotheksverbund Bayern,EBSCO,Regular Searches,NA,NA,NA,0,0,0,0,0,NA,NA,NA,NA
Bibliotheksverbund Bayern,EBSCO,Result Clicks,NA,NA,NA,0,1,0,0,0,NA,NA,NA,NA
Bibliotheksverbund Bayern,EBSCO,Searches-federated and automated,NA,NA,NA,0,80,71,0,0,NA,NA,NA,NA
BioOne Online Journals,EBSCO,Record Views,NA,NA,NA,0,0,0,0,0,0,0,0,0
BioOne Online Journals,EBSCO,Regular Searches,NA,NA,NA,0,0,0,0,0,0,0,0,0
BioOne Online Journals,EBSCO,Result Clicks,NA,NA,NA,0,0,0,0,0,0,0,2,0
BioOne Online Journals,EBSCO,Searches-federated and automated,NA,NA,NA,0,80,1123,1029,3073,2086,1033,3506,1234
Books at JSTOR,EBSCO,Record Views,NA,NA,NA,0,3,5,0,0,NA,NA,NA,NA
Books at JSTOR,EBSCO,Regular Searches,NA,NA,NA,0,0,0,0,0,NA,NA,NA,NA
Books at JSTOR,EBSCO,Result Clicks,NA,NA,NA,0,4,13,0,0,NA,NA,NA,NA
Books at JSTOR,EBSCO,Searches-federated and automated,NA,NA,NA,0,80,219,0,0,NA,NA,NA,NA
Books24x7,EBSCO,Record Views,NA,NA,NA,0,0,0,0,0,NA,NA,NA,NA
Books24x7,EBSCO,Regular Searches,NA,NA,NA,0,0,0,0,0,NA,NA,NA,NA
Books24x7,EBSCO,Result Clicks,NA,NA,NA,0,0,0,0,0,NA,NA,NA,NA
Books24x7,EBSCO,Searches-federated and automated,NA,NA,NA,0,80,71,0,0,NA,NA,NA,NA
Brandel Books,EBSCO,Record Views,NA,NA,NA,0,0,71,69,153,99,43,164,131
Brandel Books,EBSCO,Regular Searches,NA,NA,NA,0,0,0,0,0,0,0,0,0
Brandel Books,EBSCO,Result Clicks,NA,NA,NA,0,0,94,75,163,104,47,194,128
Brandel Books,EBSCO,Searches-federated and automated,NA,NA,NA,0,0,742,1036,3116,2106,1044,3550,1257
Brandel Media,EBSCO,Record Views,NA,NA,NA,0,0,13,55,233,168,0,65,182
Brandel Media,EBSCO,Regular Searches,NA,NA,NA,0,0,0,0,0,0,0,0,0
Brandel Media,EBSCO,Result Clicks,NA,NA,NA,0,0,19,59,238,169,0,70,190
Brandel Media,EBSCO,Searches-federated and automated,NA,NA,NA,0,0,751,1192,3931,1718,0,2166,1799
Bridgeman Education,EBSCO,Record Views,NA,NA,NA,0,0,0,0,0,NA,NA,NA,NA
Bridgeman Education,EBSCO,Regular Searches,NA,NA,NA,0,0,0,0,0,NA,NA,NA,NA
Bridgeman Education,EBSCO,Result Clicks,NA,NA,NA,0,0,0,0,0,NA,NA,NA,NA
Bridgeman Education,EBSCO,Searches-federated and automated,NA,NA,NA,0,80,71,0,0,NA,NA,NA,NA
Britannica Online,EBSCO,Record Views,NA,NA,NA,0,0,0,0,0,NA,NA,NA,NA
Britannica Online,EBSCO,Regular Searches,NA,NA,NA,0,0,0,0,0,NA,NA,NA,NA
Britannica Online,EBSCO,Result Clicks,NA,NA,NA,0,0,0,0,0,NA,NA,NA,NA
Britannica Online,EBSCO,Searches-federated and automated,NA,NA,NA,0,80,69,0,0,NA,NA,NA,NA
British Library Document Supply Centre Inside Serials & Conference Proceedings,EBSCO,Record Views,NA,NA,NA,0,0,0,0,0,NA,NA,NA,NA
British Library Document Supply Centre Inside Serials & Conference Proceedings,EBSCO,Regular Searches,NA,NA,NA,0,0,0,0,0,NA,NA,NA,NA
British Library Document Supply Centre Inside Serials & Conference Proceedings,EBSCO,Result Clicks,NA,NA,NA,0,0,0,0,0,NA,NA,NA,NA
British Library Document Supply Centre Inside Serials & Conference Proceedings,EBSCO,Searches-federated and automated,NA,NA,NA,0,80,71,0,0,NA,NA,NA,NA
British Library EThOS,EBSCO,Record Views,NA,NA,NA,0,0,0,0,0,NA,NA,NA,NA
British Library EThOS,EBSCO,Regular Searches,NA,NA,NA,0,0,0,0,0,NA,NA,NA,NA
British Library EThOS,EBSCO,Result Clicks,NA,NA,NA,0,0,0,0,0,NA,NA,NA,NA
British Library EThOS,EBSCO,Searches-federated and automated,NA,NA,NA,0,80,71,0,0,NA,NA,NA,NA
British Standards Online,EBSCO,Record Views,NA,NA,NA,0,0,0,0,0,NA,NA,NA,NA
British Standards Online,EBSCO,Regular Searches,NA,NA,NA,0,0,0,0,0,NA,NA,NA,NA
British Standards Online,EBSCO,Result Clicks,NA,NA,NA,0,0,0,0,0,NA,NA,NA,NA
British Standards Online,EBSCO,Searches-federated and automated,NA,NA,NA,0,80,71,0,0,NA,NA,NA,NA
Business Insights: Essentials,EBSCO,Record Views,NA,NA,NA,0,0,0,0,0,NA,NA,NA,NA
Business Insights: Essentials,EBSCO,Regular Searches,NA,NA,NA,0,0,0,0,0,NA,NA,NA,NA
Business Insights: Essentials,EBSCO,Result Clicks,NA,NA,NA,0,0,0,0,0,NA,NA,NA,NA
Business Insights: Essentials,EBSCO,Searches-federated and automated,NA,NA,NA,0,80,72,0,0,NA,NA,NA,NA
Business Source Complete,EBSCO,Record Views,436,1744,1840,1337,3575,1885,1016,3102,2352,1497,3010,1435
Business Source Complete,EBSCO,Regular Searches,718,2711,2562,1553,5023,3363,739,2268,2195,1193,2242,1198
Business Source Complete,EBSCO,Result Clicks,864,3544,3495,2583,6543,3233,2078,5485,4160,3182,5631,2733
Business Source Complete,EBSCO,Searches-federated and automated,39,0,3,0,80,1155,4945,22856,19011,9962,24852,15831
Business Source Elite,EBSCO,Record Views,179,395,145,284,412,192,178,394,108,80,137,2
Business Source Elite,EBSCO,Regular Searches,338,1271,705,434,1150,1606,271,1049,968,535,747,459
Business Source Elite,EBSCO,Result Clicks,364,612,257,456,631,341,326,610,186,128,214,2
Business Source Elite,EBSCO,Searches-federated and automated,39,0,3,0,0,1080,1052,2849,0,4,0,0
Cairn.info,EBSCO,Record Views,NA,NA,NA,0,0,0,0,0,NA,NA,NA,NA
Cairn.info,EBSCO,Regular Searches,NA,NA,NA,0,0,0,0,0,NA,NA,NA,NA
Cairn.info,EBSCO,Result Clicks,NA,NA,NA,0,0,0,0,0,NA,NA,NA,NA
Cairn.info,EBSCO,Searches-federated and automated,NA,NA,NA,0,80,71,0,0,NA,NA,NA,NA
Center for Research Libraries,EBSCO,Record Views,NA,NA,NA,0,0,0,0,0,NA,NA,NA,NA
Center for Research Libraries,EBSCO,Regular Searches,NA,NA,NA,0,0,0,0,0,NA,NA,NA,NA
Center for Research Libraries,EBSCO,Result Clicks,NA,NA,NA,0,0,0,0,0,NA,NA,NA,NA
Center for Research Libraries,EBSCO,Searches-federated and automated,NA,NA,NA,0,80,71,0,0,NA,NA,NA,NA
China Science & Technology Journal Database,EBSCO,Record Views,NA,NA,NA,0,0,0,0,0,NA,NA,NA,NA
China Science & Technology Journal Database,EBSCO,Regular Searches,NA,NA,NA,0,0,0,0,0,NA,NA,NA,NA
China Science & Technology Journal Database,EBSCO,Result Clicks,NA,NA,NA,0,0,0,0,0,NA,NA,NA,NA
China Science & Technology Journal Database,EBSCO,Searches-federated and automated,NA,NA,NA,0,80,71,0,0,NA,NA,NA,NA
China/Asia On Demand,EBSCO,Record Views,NA,NA,NA,0,0,0,0,0,NA,NA,NA,NA
China/Asia On Demand,EBSCO,Regular Searches,NA,NA,NA,0,0,0,0,0,NA,NA,NA,NA
China/Asia On Demand,EBSCO,Result Clicks,NA,NA,NA,0,0,0,0,0,NA,NA,NA,NA
China/Asia On Demand,EBSCO,Searches-federated and automated,NA,NA,NA,0,80,69,0,0,NA,NA,NA,NA
Christian Periodical Index,EBSCO,Record Views,0,1,5,3,4,8,4,7,7,14,15,9
Christian Periodical Index,EBSCO,Regular Searches,0,283,693,388,1046,1625,199,922,932,523,803,408
Christian Periodical Index,EBSCO,Result Clicks,0,2,7,3,7,22,8,16,15,38,23,15
Christian Periodical Index,EBSCO,Searches-federated and automated,0,0,3,0,80,1125,1029,3074,2087,1039,3511,1234
CINAHL,EBSCO,Record Views,470,13576,11427,2864,98,NA,NA,NA,NA,NA,NA,NA
CINAHL,EBSCO,Regular Searches,1311,26492,22601,5214,865,NA,NA,NA,NA,NA,NA,NA
CINAHL,EBSCO,Result Clicks,1049,26676,22018,5524,169,NA,NA,NA,NA,NA,NA,NA
CINAHL,EBSCO,Searches-federated and automated,39,0,3,0,0,NA,NA,NA,NA,NA,NA,NA
CINAHL Complete,EBSCO,Record Views,0,0,0,569,13682,15979,2084,17510,20567,3132,17244,11659
CINAHL Complete,EBSCO,Regular Searches,0,0,0,1325,22961,23404,2629,18339,21308,3038,18675,12866
CINAHL Complete,EBSCO,Result Clicks,0,0,0,1294,24476,29679,4358,31294,36240,6344,31014,21710
CINAHL Complete,EBSCO,Searches-federated and automated,0,0,0,0,80,1125,4905,22730,18887,9901,24736,15760
Classical Music Reference Library,Alexander Street Press,Record Views,0,0,0,0,0,3,0,13,15,2,46,NA
Classical Music Reference Library,Alexander Street Press,Regular Searches,0,0,0,6,19,15,12,106,48,24,58,NA
Classical Music Reference Library,Alexander Street Press,Result Clicks,0,0,0,0,0,2,0,10,13,2,8,NA
Classical Music Reference Library,Alexander Street Press,Searches-federated and automated,0,0,0,0,0,0,0,0,0,0,0,NA
"Classical Scores Library, Volume 1",Alexander Street Press,Record Views,0,0,18,10,49,15,16,62,37,12,38,NA
"Classical Scores Library, Volume 1",Alexander Street Press,Regular Searches,0,0,11,23,125,31,12,106,48,26,79,NA
"Classical Scores Library, Volume 1",Alexander Street Press,Result Clicks,0,0,1,1,15,5,6,15,0,4,7,NA
"Classical Scores Library, Volume 1",Alexander Street Press,Searches-federated and automated,0,0,0,0,0,0,0,0,0,0,0,NA
Cochrane Central Register of Controlled Trials,EBSCO,Record Views,0,2,0,5,13,31,2,17,10,2,9,16
Cochrane Central Register of Controlled Trials,EBSCO,Regular Searches,295,376,0,339,1331,2203,220,1072,1505,541,838,827
Cochrane Central Register of Controlled Trials,EBSCO,Result Clicks,0,2,0,5,19,45,4,26,22,2,13,24
Cochrane Central Register of Controlled Trials,EBSCO,Searches-federated and automated,39,0,0,0,80,1121,1033,3076,2091,1046,3521,1234
Cochrane Database of Systematic Reviews,EBSCO,Record Views,19,86,0,22,342,450,23,414,426,38,350,314
Cochrane Database of Systematic Reviews,EBSCO,Regular Searches,321,861,0,387,3877,5340,408,3200,3898,677,2496,2254
Cochrane Database of Systematic Reviews,EBSCO,Result Clicks,52,207,0,57,896,1374,62,1040,1230,143,878,880
Cochrane Database of Systematic Reviews,EBSCO,Searches-federated and automated,39,0,0,0,80,2173,5891,25449,20712,10833,27948,16825
Cochrane Methodology Register,EBSCO,Record Views,0,0,0,0,0,3,0,0,0,0,0,0
Cochrane Methodology Register,EBSCO,Regular Searches,295,341,0,330,1064,1864,200,953,1161,526,795,583
Cochrane Methodology Register,EBSCO,Result Clicks,0,0,0,0,0,3,0,0,0,0,0,0
Cochrane Methodology Register,EBSCO,Searches-federated and automated,39,0,0,0,80,1121,1028,3071,2086,1036,3509,1233
CogPrints,EBSCO,Record Views,NA,NA,NA,0,0,0,0,0,0,0,0,0
CogPrints,EBSCO,Regular Searches,NA,NA,NA,0,0,0,0,0,0,0,0,0
CogPrints,EBSCO,Result Clicks,NA,NA,NA,0,0,1,0,1,0,0,2,0
CogPrints,EBSCO,Searches-federated and automated,NA,NA,NA,0,80,1121,1034,3105,2102,1032,3490,1230
Communication & Mass Media Complete,EBSCO,Record Views,5,760,898,151,748,984,136,534,998,154,1445,332
Communication & Mass Media Complete,EBSCO,Regular Searches,334,1891,2026,637,2505,3255,294,1427,1962,663,2356,637
Communication & Mass Media Complete,EBSCO,Result Clicks,11,1281,1469,276,1303,1490,278,889,1529,295,2273,569
Communication & Mass Media Complete,EBSCO,Searches-federated and automated,39,0,3,0,80,1133,4922,22764,18925,9937,24764,15793
Comprehensive Database of Archaeological Site Records in Japan –全国遺跡報告総覧,EBSCO,Record Views,NA,NA,NA,NA,NA,NA,NA,NA,0,0,0,0
Comprehensive Database of Archaeological Site Records in Japan –全国遺跡報告総覧,EBSCO,Regular Searches,NA,NA,NA,NA,NA,NA,NA,NA,0,0,0,20
Comprehensive Database of Archaeological Site Records in Japan –全国遺跡報告総覧,EBSCO,Result Clicks,NA,NA,NA,NA,NA,NA,NA,NA,0,0,0,0
Comprehensive Database of Archaeological Site Records in Japan –全国遺跡報告総覧,EBSCO,Searches-federated and automated,NA,NA,NA,NA,NA,NA,NA,NA,0,0,0,0
Consumer Health Complete,EBSCO,Record Views,0,38,8,0,5,3,3,0,2,1,0,12
Consumer Health Complete,EBSCO,Regular Searches,0,50,7,0,4,2,9,1,5,0,0,10
Consumer Health Complete,EBSCO,Result Clicks,0,138,83,3,15,13,8,1,9,1,0,32
Consumer Health Complete,EBSCO,Searches-federated and automated,0,0,0,0,0,0,0,0,0,0,0,0
Consumer Health Complete - EBSCOhost,EBSCO,Record Views,5,81,33,74,75,106,38,71,48,9,45,20
Consumer Health Complete - EBSCOhost,EBSCO,Regular Searches,301,1276,727,715,1458,1993,255,1058,1177,549,921,522
Consumer Health Complete - EBSCOhost,EBSCO,Result Clicks,5,197,102,182,167,212,69,139,104,25,108,42
Consumer Health Complete - EBSCOhost,EBSCO,Searches-federated and automated,39,0,3,0,80,1133,1039,3115,2123,1047,3536,1244
"Counseling and Therapy in Video, Volume 1",Alexander Street Press,Record Views,0,0,6,38,106,100,6,131,30,50,6,NA
"Counseling and Therapy in Video, Volume 1",Alexander Street Press,Regular Searches,0,0,5,84,226,87,6,62,39,57,17,NA
"Counseling and Therapy in Video, Volume 1",Alexander Street Press,Result Clicks,0,0,0,38,92,49,4,38,7,25,0,NA
"Counseling and Therapy in Video, Volume 1",Alexander Street Press,Searches-federated and automated,0,0,0,0,0,0,0,0,0,0,0,NA
Credo Reference Collections,EBSCO,Record Views,NA,NA,NA,0,0,0,0,0,NA,NA,NA,NA
Credo Reference Collections,EBSCO,Regular Searches,NA,NA,NA,0,0,0,0,0,NA,NA,NA,NA
Credo Reference Collections,EBSCO,Result Clicks,NA,NA,NA,0,1,0,0,0,NA,NA,NA,NA
Credo Reference Collections,EBSCO,Searches-federated and automated,NA,NA,NA,0,80,69,0,0,NA,NA,NA,NA
Criminal Justice and Public Safety in Video,Alexander Street Press,Record Views,0,0,3,2,21,14,1,3,23,0,2,NA
Criminal Justice and Public Safety in Video,Alexander Street Press,Regular Searches,0,0,5,12,100,20,10,20,50,24,42,NA
Criminal Justice and Public Safety in Video,Alexander Street Press,Result Clicks,0,0,0,1,8,7,1,0,9,0,1,NA
Criminal Justice and Public Safety in Video,Alexander Street Press,Searches-federated and automated,0,0,0,0,0,0,0,0,0,0,0,NA
CRUSH Reports,EBSCO,Record Views,NA,NA,NA,0,0,0,0,0,NA,NA,NA,NA
CRUSH Reports,EBSCO,Regular Searches,NA,NA,NA,0,0,0,0,0,NA,NA,NA,NA
CRUSH Reports,EBSCO,Result Clicks,NA,NA,NA,0,0,0,0,0,NA,NA,NA,NA
CRUSH Reports,EBSCO,Searches-federated and automated,NA,NA,NA,0,80,69,0,0,NA,NA,NA,NA
Data-Planet Statistical Datasets & Statistical Ready Reference,EBSCO,Record Views,NA,NA,NA,0,0,0,0,0,NA,NA,NA,NA
Data-Planet Statistical Datasets & Statistical Ready Reference,EBSCO,Regular Searches,NA,NA,NA,0,0,0,0,0,NA,NA,NA,NA
Data-Planet Statistical Datasets & Statistical Ready Reference,EBSCO,Result Clicks,NA,NA,NA,0,0,0,0,0,NA,NA,NA,NA
Data-Planet Statistical Datasets & Statistical Ready Reference,EBSCO,Searches-federated and automated,NA,NA,NA,0,80,69,0,0,NA,NA,NA,NA
Database of Abstracts of Reviews of Effects,EBSCO,Record Views,1,0,0,2,2,5,2,2,8,0,5,0
Database of Abstracts of Reviews of Effects,EBSCO,Regular Searches,307,346,0,309,981,1762,198,918,1070,501,713,389
Database of Abstracts of Reviews of Effects,EBSCO,Result Clicks,2,0,0,5,4,10,8,6,26,0,14,0
Database of Abstracts of Reviews of Effects,EBSCO,Searches-federated and automated,39,0,0,0,80,1121,1029,3070,2086,1036,3508,1235
DBPIA,EBSCO,Record Views,NA,NA,NA,0,0,0,0,0,NA,NA,NA,NA
DBPIA,EBSCO,Regular Searches,NA,NA,NA,0,0,0,0,0,NA,NA,NA,NA
DBPIA,EBSCO,Result Clicks,NA,NA,NA,0,0,0,0,0,NA,NA,NA,NA
DBPIA,EBSCO,Searches-federated and automated,NA,NA,NA,0,80,71,0,0,NA,NA,NA,NA
Digital Access to Scholarship at Harvard (DASH),EBSCO,Record Views,NA,NA,NA,0,0,0,0,0,NA,NA,NA,NA
Digital Access to Scholarship at Harvard (DASH),EBSCO,Regular Searches,NA,NA,NA,0,0,0,0,0,NA,NA,NA,NA
Digital Access to Scholarship at Harvard (DASH),EBSCO,Result Clicks,NA,NA,NA,0,0,0,0,0,NA,NA,NA,NA
Digital Access to Scholarship at Harvard (DASH),EBSCO,Searches-federated and automated,NA,NA,NA,0,80,71,0,0,NA,NA,NA,NA
DigiZeitschriften,EBSCO,Record Views,NA,NA,NA,0,0,0,0,0,NA,NA,NA,NA
DigiZeitschriften,EBSCO,Regular Searches,NA,NA,NA,0,0,0,0,0,NA,NA,NA,NA
DigiZeitschriften,EBSCO,Result Clicks,NA,NA,NA,0,0,0,0,0,NA,NA,NA,NA
DigiZeitschriften,EBSCO,Searches-federated and automated,NA,NA,NA,0,80,69,0,0,NA,NA,NA,NA
Directory of Open Access Journals,EBSCO,Record Views,NA,NA,NA,0,0,0,0,11,11,12,7,182
Directory of Open Access Journals,EBSCO,Regular Searches,NA,NA,NA,0,0,0,0,0,0,0,0,0
Directory of Open Access Journals,EBSCO,Result Clicks,NA,NA,NA,0,0,1,0,17,21,28,23,246
Directory of Open Access Journals,EBSCO,Searches-federated and automated,NA,NA,NA,0,80,1123,1976,22443,18672,9829,24513,15476
Discovery eBooks,EBSCO,Record Views,NA,NA,NA,0,4,4,0,0,NA,NA,NA,NA
Discovery eBooks,EBSCO,Regular Searches,NA,NA,NA,0,0,0,0,0,NA,NA,NA,NA
Discovery eBooks,EBSCO,Result Clicks,NA,NA,NA,0,7,8,0,0,NA,NA,NA,NA
Discovery eBooks,EBSCO,Searches-federated and automated,NA,NA,NA,0,80,170,0,0,NA,NA,NA,NA
Dynamed Plus,EBSCO,Record Views,NA,NA,NA,NA,NA,NA,NA,NA,0,0,0,0
Dynamed Plus,EBSCO,Regular Searches,NA,NA,NA,NA,NA,NA,NA,NA,0,0,0,14
Dynamed Plus,EBSCO,Result Clicks,NA,NA,NA,NA,NA,NA,NA,NA,0,0,0,34
Dynamed Plus,EBSCO,Searches-federated and automated,NA,NA,NA,NA,NA,NA,NA,NA,0,0,0,0
eArticle,EBSCO,Record Views,NA,NA,NA,0,0,0,0,0,NA,NA,NA,NA
eArticle,EBSCO,Regular Searches,NA,NA,NA,0,0,0,0,0,NA,NA,NA,NA
eArticle,EBSCO,Result Clicks,NA,NA,NA,0,0,0,0,0,NA,NA,NA,NA
eArticle,EBSCO,Searches-federated and automated,NA,NA,NA,0,80,71,0,0,NA,NA,NA,NA
EBM Reviews - ACP Journal Club,American College of Physicians,Record Views,NA,NA,5,0,0,NA,NA,NA,NA,NA,NA,NA
EBM Reviews - ACP Journal Club,American College of Physicians,Regular Searches,NA,NA,885,32,0,NA,NA,NA,NA,NA,NA,NA
EBM Reviews - ACP Journal Club,American College of Physicians,Result Clicks,NA,NA,61,0,0,NA,NA,NA,NA,NA,NA,NA
EBM Reviews - ACP Journal Club,American College of Physicians,Searches-federated and automated,NA,NA,0,0,0,NA,NA,NA,NA,NA,NA,NA
EBM Reviews - Cochrane Central Register of Controlled Trials,Wiley,Record Views,NA,NA,250,1,0,NA,NA,NA,NA,NA,NA,NA
EBM Reviews - Cochrane Central Register of Controlled Trials,Wiley,Regular Searches,NA,NA,885,32,0,NA,NA,NA,NA,NA,NA,NA
EBM Reviews - Cochrane Central Register of Controlled Trials,Wiley,Result Clicks,NA,NA,1027,1,0,NA,NA,NA,NA,NA,NA,NA
EBM Reviews - Cochrane Central Register of Controlled Trials,Wiley,Searches-federated and automated,NA,NA,0,0,0,NA,NA,NA,NA,NA,NA,NA
EBM Reviews - Cochrane Database of Systematic Reviews,Wiley,Record Views,NA,NA,326,8,0,NA,NA,NA,NA,NA,NA,NA
EBM Reviews - Cochrane Database of Systematic Reviews,Wiley,Regular Searches,NA,NA,970,41,0,NA,NA,NA,NA,NA,NA,NA
EBM Reviews - Cochrane Database of Systematic Reviews,Wiley,Result Clicks,NA,NA,1250,37,0,NA,NA,NA,NA,NA,NA,NA
EBM Reviews - Cochrane Database of Systematic Reviews,Wiley,Searches-federated and automated,NA,NA,0,0,0,NA,NA,NA,NA,NA,NA,NA
EBM Reviews - Cochrane Methodology Register,Wiley,Record Views,NA,NA,3,0,0,NA,NA,NA,NA,NA,NA,NA
EBM Reviews - Cochrane Methodology Register,Wiley,Regular Searches,NA,NA,885,32,0,NA,NA,NA,NA,NA,NA,NA
EBM Reviews - Cochrane Methodology Register,Wiley,Result Clicks,NA,NA,24,0,0,NA,NA,NA,NA,NA,NA,NA
EBM Reviews - Cochrane Methodology Register,Wiley,Searches-federated and automated,NA,NA,0,0,0,NA,NA,NA,NA,NA,NA,NA
EBM Reviews - Database of Abstracts of Reviews of Effects,Wiley,Record Views,NA,NA,58,0,0,NA,NA,NA,NA,NA,NA,NA
EBM Reviews - Database of Abstracts of Reviews of Effects,Wiley,Regular Searches,NA,NA,887,32,0,NA,NA,NA,NA,NA,NA,NA
EBM Reviews - Database of Abstracts of Reviews of Effects,Wiley,Result Clicks,NA,NA,429,0,0,NA,NA,NA,NA,NA,NA,NA
EBM Reviews - Database of Abstracts of Reviews of Effects,Wiley,Searches-federated and automated,NA,NA,0,0,0,NA,NA,NA,NA,NA,NA,NA
EBM Reviews - Health Technology Assessment,Wiley,Record Views,NA,NA,2,0,0,NA,NA,NA,NA,NA,NA,NA
EBM Reviews - Health Technology Assessment,Wiley,Regular Searches,NA,NA,884,32,0,NA,NA,NA,NA,NA,NA,NA
EBM Reviews - Health Technology Assessment,Wiley,Result Clicks,NA,NA,16,0,0,NA,NA,NA,NA,NA,NA,NA
EBM Reviews - Health Technology Assessment,Wiley,Searches-federated and automated,NA,NA,0,0,0,NA,NA,NA,NA,NA,NA,NA
EBM Reviews - NHS Economic Evaluation Database,Wiley,Record Views,NA,NA,5,0,0,NA,NA,NA,NA,NA,NA,NA
EBM Reviews - NHS Economic Evaluation Database,Wiley,Regular Searches,NA,NA,884,32,0,NA,NA,NA,NA,NA,NA,NA
EBM Reviews - NHS Economic Evaluation Database,Wiley,Result Clicks,NA,NA,12,0,0,NA,NA,NA,NA,NA,NA,NA
EBM Reviews - NHS Economic Evaluation Database,Wiley,Searches-federated and automated,NA,NA,0,0,0,NA,NA,NA,NA,NA,NA,NA
eBook Collection (EBSCOhost),EBSCO,Record Views,218,522,750,230,687,1228,318,914,893,366,820,363
eBook Collection (EBSCOhost),EBSCO,Regular Searches,482,2522,858,470,1347,1927,273,1191,1287,633,1064,663
eBook Collection (EBSCOhost),EBSCO,Result Clicks,355,863,1282,403,1155,2089,575,1659,1656,662,1620,663
eBook Collection (EBSCOhost),EBSCO,Searches-federated and automated,39,0,3,0,80,1136,1042,3116,2109,1047,3536,1247
EBSCO eClassics Collection (EBSCOhost),EBSCO,Record Views,NA,NA,NA,NA,NA,NA,NA,NA,0,0,0,0
EBSCO eClassics Collection (EBSCOhost),EBSCO,Regular Searches,NA,NA,NA,NA,NA,NA,NA,NA,216,0,0,0
EBSCO eClassics Collection (EBSCOhost),EBSCO,Result Clicks,NA,NA,NA,NA,NA,NA,NA,NA,0,0,0,0
EBSCO eClassics Collection (EBSCOhost),EBSCO,Searches-federated and automated,NA,NA,NA,NA,NA,NA,NA,NA,0,0,0,0
ECONIS,EBSCO,Record Views,NA,NA,NA,0,1,0,0,0,NA,NA,NA,NA
ECONIS,EBSCO,Regular Searches,NA,NA,NA,0,0,0,0,0,NA,NA,NA,NA
ECONIS,EBSCO,Result Clicks,NA,NA,NA,0,1,0,0,0,NA,NA,NA,NA
ECONIS,EBSCO,Searches-federated and automated,NA,NA,NA,0,80,69,0,0,NA,NA,NA,NA
EDS consolidated db (FULL - use conedsqd2),EBSCO,Record Views,NA,NA,NA,0,0,0,0,0,NA,NA,NA,NA
EDS consolidated db (FULL - use conedsqd2),EBSCO,Regular Searches,NA,NA,NA,0,0,0,0,0,NA,NA,NA,NA
EDS consolidated db (FULL - use conedsqd2),EBSCO,Result Clicks,NA,NA,NA,0,0,0,0,0,NA,NA,NA,NA
EDS consolidated db (FULL - use conedsqd2),EBSCO,Searches-federated and automated,NA,NA,NA,0,0,3,0,0,NA,NA,NA,NA
EDS consolidated db (QD facet) no7,EBSCO,Record Views,NA,NA,NA,NA,NA,NA,NA,NA,0,0,0,0
EDS consolidated db (QD facet) no7,EBSCO,Regular Searches,NA,NA,NA,NA,NA,NA,NA,NA,0,0,0,0
EDS consolidated db (QD facet) no7,EBSCO,Result Clicks,NA,NA,NA,NA,NA,NA,NA,NA,0,0,0,0
EDS consolidated db (QD facet) no7,EBSCO,Searches-federated and automated,NA,NA,NA,NA,NA,NA,NA,NA,0,3,35,8
EDS consolidated db (QD facet) no8,EBSCO,Record Views,NA,NA,NA,NA,NA,NA,NA,NA,0,0,0,0
EDS consolidated db (QD facet) no8,EBSCO,Regular Searches,NA,NA,NA,NA,NA,NA,NA,NA,0,0,0,0
EDS consolidated db (QD facet) no8,EBSCO,Result Clicks,NA,NA,NA,NA,NA,NA,NA,NA,0,0,0,0
EDS consolidated db (QD facet) no8,EBSCO,Searches-federated and automated,NA,NA,NA,NA,NA,NA,NA,NA,0,0,0,221
EDS consolidated db (QD facet) no9,EBSCO,Record Views,NA,NA,NA,NA,NA,NA,NA,NA,0,0,0,0
EDS consolidated db (QD facet) no9,EBSCO,Regular Searches,NA,NA,NA,NA,NA,NA,NA,NA,0,0,0,1
EDS consolidated db (QD facet) no9,EBSCO,Result Clicks,NA,NA,NA,NA,NA,NA,NA,NA,0,0,0,0
EDS consolidated db (QD facet) no9,EBSCO,Searches-federated and automated,NA,NA,NA,NA,NA,NA,NA,NA,0,0,0,0
EDS Consolidated NZL,EBSCO,Record Views,NA,NA,NA,NA,NA,NA,NA,NA,0,0,0,0
EDS Consolidated NZL,EBSCO,Regular Searches,NA,NA,NA,NA,NA,NA,NA,NA,0,0,0,0
EDS Consolidated NZL,EBSCO,Result Clicks,NA,NA,NA,NA,NA,NA,NA,NA,0,0,0,0
EDS Consolidated NZL,EBSCO,Searches-federated and automated,NA,NA,NA,NA,NA,NA,NA,NA,0,10,36,8
EDS consolidation db #1 (coneds1),EBSCO,Record Views,NA,NA,NA,NA,NA,NA,NA,NA,0,0,2,0
EDS consolidation db #1 (coneds1),EBSCO,Regular Searches,NA,NA,NA,NA,NA,NA,NA,NA,0,0,0,0
EDS consolidation db #1 (coneds1),EBSCO,Result Clicks,NA,NA,NA,NA,NA,NA,NA,NA,0,0,2,0
EDS consolidation db #1 (coneds1),EBSCO,Searches-federated and automated,NA,NA,NA,NA,NA,NA,NA,NA,0,70,399,227
"Education in Video, Volume 1",Alexander Street Press,Record Views,0,0,3,2,11,17,0,10,15,4,0,NA
"Education in Video, Volume 1",Alexander Street Press,Regular Searches,0,0,5,28,111,19,2,7,27,15,17,NA
"Education in Video, Volume 1",Alexander Street Press,Result Clicks,0,0,0,0,9,13,0,1,7,0,0,NA
"Education in Video, Volume 1",Alexander Street Press,Searches-federated and automated,0,0,0,0,0,0,0,0,0,0,0,NA
Education Research Complete,EBSCO,Record Views,415,942,1361,374,1299,1610,386,1622,2164,512,1708,658
Education Research Complete,EBSCO,Regular Searches,774,2173,2098,952,2698,3439,439,2351,2611,699,1893,707
Education Research Complete,EBSCO,Result Clicks,770,1942,2329,737,2155,2689,767,2711,3812,964,3058,1193
Education Research Complete,EBSCO,Searches-federated and automated,39,0,3,0,80,1140,4939,22860,19006,9963,24859,15845
Encyclopedia of the Bible and its Reception Online,EBSCO,Record Views,NA,NA,NA,NA,NA,NA,NA,NA,0,0,0,0
Encyclopedia of the Bible and its Reception Online,EBSCO,Regular Searches,NA,NA,NA,NA,NA,NA,NA,NA,0,0,0,0
Encyclopedia of the Bible and its Reception Online,EBSCO,Result Clicks,NA,NA,NA,NA,NA,NA,NA,NA,0,0,0,0
Encyclopedia of the Bible and its Reception Online,EBSCO,Searches-federated and automated,NA,NA,NA,NA,NA,NA,NA,NA,0,20,3476,1228
Energy Citations Database,EBSCO,Record Views,NA,NA,NA,0,0,0,0,0,0,0,0,0
Energy Citations Database,EBSCO,Regular Searches,NA,NA,NA,0,0,0,0,0,0,0,0,0
Energy Citations Database,EBSCO,Result Clicks,NA,NA,NA,0,0,0,0,0,0,0,3,0
Energy Citations Database,EBSCO,Searches-federated and automated,NA,NA,NA,0,80,1123,1030,3074,2092,1026,3483,1230
Environment Complete,EBSCO,Record Views,2,221,845,36,226,363,94,797,241,84,450,223
Environment Complete,EBSCO,Regular Searches,310,1439,1894,497,1241,2023,247,1584,1198,565,912,647
Environment Complete,EBSCO,Result Clicks,7,436,1255,64,392,567,159,1161,397,169,685,390
Environment Complete,EBSCO,Searches-federated and automated,39,0,3,0,80,1132,4919,22790,18946,9931,24783,15794
ERIC,EBSCO,Record Views,305,369,315,428,324,310,117,614,705,275,346,263
ERIC,EBSCO,Regular Searches,667,1728,1266,809,1736,2229,286,1575,1536,676,997,497
ERIC,EBSCO,Result Clicks,495,621,583,603,509,460,192,912,1070,444,506,373
ERIC,EBSCO,Searches-federated and automated,39,0,3,0,80,71,3849,19483,16642,8831,21087,14460
Erudit,EBSCO,Record Views,NA,NA,NA,0,0,0,0,0,NA,NA,NA,NA
Erudit,EBSCO,Regular Searches,NA,NA,NA,0,0,0,0,0,NA,NA,NA,NA
Erudit,EBSCO,Result Clicks,NA,NA,NA,0,0,0,0,0,NA,NA,NA,NA
Erudit,EBSCO,Searches-federated and automated,NA,NA,NA,0,80,71,0,0,NA,NA,NA,NA
Expanded Academic ASAP,EBSCO,Record Views,NA,NA,NA,0,0,0,0,0,NA,NA,NA,NA
Expanded Academic ASAP,EBSCO,Regular Searches,NA,NA,NA,0,0,0,0,0,NA,NA,NA,NA
Expanded Academic ASAP,EBSCO,Result Clicks,NA,NA,NA,0,1,1,0,0,NA,NA,NA,NA
Expanded Academic ASAP,EBSCO,Searches-federated and automated,NA,NA,NA,0,81,71,0,0,NA,NA,NA,NA
Films on Demand,EBSCO,Record Views,NA,NA,NA,0,0,5,0,0,NA,NA,NA,NA
Films on Demand,EBSCO,Regular Searches,NA,NA,NA,0,0,0,0,0,NA,NA,NA,NA
Films on Demand,EBSCO,Result Clicks,NA,NA,NA,0,0,28,0,0,NA,NA,NA,NA
Films on Demand,EBSCO,Searches-federated and automated,NA,NA,NA,0,0,116,0,0,NA,NA,NA,NA
Freedonia Focus Reports,EBSCO,Record Views,NA,NA,NA,0,0,0,0,0,NA,NA,NA,NA
Freedonia Focus Reports,EBSCO,Regular Searches,NA,NA,NA,0,0,0,0,0,NA,NA,NA,NA
Freedonia Focus Reports,EBSCO,Result Clicks,NA,NA,NA,0,0,0,0,0,NA,NA,NA,NA
Freedonia Focus Reports,EBSCO,Searches-federated and automated,NA,NA,NA,0,80,69,0,0,NA,NA,NA,NA
Funk & Wagnalls New World Encyclopedia,EBSCO,Record Views,0,3,0,0,7,14,3,4,2,2,0,6
Funk & Wagnalls New World Encyclopedia,EBSCO,Regular Searches,295,1044,635,344,979,1498,195,918,937,496,751,388
Funk & Wagnalls New World Encyclopedia,EBSCO,Result Clicks,0,7,0,0,19,22,6,10,7,4,3,15
Funk & Wagnalls New World Encyclopedia,EBSCO,Searches-federated and automated,39,0,3,0,80,168,0,0,0,4,0,0
Gale Consolidated DB 2,EBSCO,Record Views,NA,NA,NA,NA,NA,NA,NA,NA,0,0,0,0
Gale Consolidated DB 2,EBSCO,Regular Searches,NA,NA,NA,NA,NA,NA,NA,NA,0,0,0,0
Gale Consolidated DB 2,EBSCO,Result Clicks,NA,NA,NA,NA,NA,NA,NA,NA,0,0,0,0
Gale Consolidated DB 2,EBSCO,Searches-federated and automated,NA,NA,NA,NA,NA,NA,NA,NA,0,10,36,8
Gale Virtual Reference Library,EBSCO,Record Views,NA,NA,NA,0,1,13,14,78,47,11,63,9
Gale Virtual Reference Library,EBSCO,Regular Searches,NA,NA,NA,0,0,0,0,0,0,0,0,0
Gale Virtual Reference Library,EBSCO,Result Clicks,NA,NA,NA,0,11,31,21,111,72,19,104,16
Gale Virtual Reference Library,EBSCO,Searches-federated and automated,NA,NA,NA,0,80,1130,1040,3108,2114,1034,3506,1232
Garland Encyclopedia of World Music,Alexander Street Press,Record Views,0,0,0,0,0,7,0,4,4,0,0,NA
Garland Encyclopedia of World Music,Alexander Street Press,Regular Searches,0,0,0,3,5,3,9,59,40,11,0,NA
Garland Encyclopedia of World Music,Alexander Street Press,Result Clicks,0,0,0,0,0,4,0,1,4,0,0,NA
Garland Encyclopedia of World Music,Alexander Street Press,Searches-federated and automated,0,0,0,0,0,0,0,0,0,0,0,NA
General OneFile,EBSCO,Record Views,NA,NA,NA,0,0,0,0,0,NA,NA,NA,NA
General OneFile,EBSCO,Regular Searches,NA,NA,NA,0,0,0,0,0,NA,NA,NA,NA
General OneFile,EBSCO,Result Clicks,NA,NA,NA,0,1,2,0,0,NA,NA,NA,NA
General OneFile,EBSCO,Searches-federated and automated,NA,NA,NA,0,81,71,0,0,NA,NA,NA,NA
General Reference Center Gold,EBSCO,Record Views,NA,NA,NA,0,0,0,0,0,NA,NA,NA,NA
General Reference Center Gold,EBSCO,Regular Searches,NA,NA,NA,0,0,0,0,0,NA,NA,NA,NA
General Reference Center Gold,EBSCO,Result Clicks,NA,NA,NA,0,0,0,0,0,NA,NA,NA,NA
General Reference Center Gold,EBSCO,Searches-federated and automated,NA,NA,NA,0,80,71,0,0,NA,NA,NA,NA
Gigaom Research,EBSCO,Record Views,NA,NA,NA,0,0,0,0,0,NA,NA,NA,NA
Gigaom Research,EBSCO,Regular Searches,NA,NA,NA,0,0,0,0,0,NA,NA,NA,NA
Gigaom Research,EBSCO,Result Clicks,NA,NA,NA,0,0,0,0,0,NA,NA,NA,NA
Gigaom Research,EBSCO,Searches-federated and automated,NA,NA,NA,0,80,69,0,0,NA,NA,NA,NA
Government Printing Office Catalog,EBSCO,Record Views,NA,NA,NA,0,0,0,0,0,NA,NA,NA,NA
Government Printing Office Catalog,EBSCO,Regular Searches,NA,NA,NA,0,0,0,0,0,NA,NA,NA,NA
Government Printing Office Catalog,EBSCO,Result Clicks,NA,NA,NA,0,0,0,0,0,NA,NA,NA,NA
Government Printing Office Catalog,EBSCO,Searches-federated and automated,NA,NA,NA,0,80,71,0,0,NA,NA,NA,NA
GreenFILE,EBSCO,Record Views,0,5,0,0,2,0,2,0,0,0,0,0
GreenFILE,EBSCO,Regular Searches,293,1058,647,372,999,1504,195,915,945,500,740,385
GreenFILE,EBSCO,Result Clicks,0,5,0,0,2,0,4,0,0,0,0,0
GreenFILE,EBSCO,Searches-federated and automated,39,0,3,0,80,1130,1038,3098,2109,1048,3526,1235
Grove Art Online,EBSCO,Record Views,NA,NA,NA,0,0,0,0,0,NA,NA,NA,NA
Grove Art Online,EBSCO,Regular Searches,NA,NA,NA,0,0,0,0,0,NA,NA,NA,NA
Grove Art Online,EBSCO,Result Clicks,NA,NA,NA,0,0,0,0,0,NA,NA,NA,NA
Grove Art Online,EBSCO,Searches-federated and automated,NA,NA,NA,0,80,69,0,0,NA,NA,NA,NA
Grove Music Online,EBSCO,Record Views,NA,NA,NA,0,0,0,0,0,NA,NA,NA,NA
Grove Music Online,EBSCO,Regular Searches,NA,NA,NA,0,0,0,0,0,NA,NA,NA,NA
Grove Music Online,EBSCO,Result Clicks,NA,NA,NA,0,0,0,0,0,NA,NA,NA,NA
Grove Music Online,EBSCO,Searches-federated and automated,NA,NA,NA,0,80,69,0,0,NA,NA,NA,NA
Harvard Library Bibliographic Dataset,EBSCO,Record Views,NA,NA,NA,0,6,0,0,0,NA,NA,NA,NA
Harvard Library Bibliographic Dataset,EBSCO,Regular Searches,NA,NA,NA,0,0,0,0,0,NA,NA,NA,NA
Harvard Library Bibliographic Dataset,EBSCO,Result Clicks,NA,NA,NA,0,13,0,0,0,NA,NA,NA,NA
Harvard Library Bibliographic Dataset,EBSCO,Searches-federated and automated,NA,NA,NA,0,80,71,0,0,NA,NA,NA,NA
Health & Wellness Resource Center,EBSCO,Record Views,NA,NA,NA,0,0,0,0,0,NA,NA,NA,NA
Health & Wellness Resource Center,EBSCO,Regular Searches,NA,NA,NA,0,0,0,0,0,NA,NA,NA,NA
Health & Wellness Resource Center,EBSCO,Result Clicks,NA,NA,NA,0,0,0,0,0,NA,NA,NA,NA
Health & Wellness Resource Center,EBSCO,Searches-federated and automated,NA,NA,NA,0,80,69,0,0,NA,NA,NA,NA
Health Business Elite,EBSCO,Record Views,NA,NA,NA,0,0,91,169,311,293,56,264,117
Health Business Elite,EBSCO,Regular Searches,NA,NA,NA,0,0,901,309,1193,1215,548,1084,681
Health Business Elite,EBSCO,Result Clicks,NA,NA,NA,0,0,159,313,579,548,119,523,214
Health Business Elite,EBSCO,Searches-federated and automated,NA,NA,NA,0,0,506,1052,3133,2120,1062,3558,1241
Health News,EBSCO,Record Views,0,0,1,0,0,3,0,0,0,0,0,0
Health News,EBSCO,Regular Searches,705,2645,2447,357,8178,3477,166,4501,3991,519,3803,3119
Health News,EBSCO,Result Clicks,0,12,14,0,5,25,1,4,11,1,6,6
Health News,EBSCO,Searches-federated and automated,0,0,0,0,80,69,0,0,0,0,0,0
Health Source - Consumer Edition,EBSCO,Record Views,1,16,8,4,16,2,11,50,55,24,103,76
Health Source - Consumer Edition,EBSCO,Regular Searches,308,1325,889,513,1584,2436,342,1178,1250,590,1064,595
Health Source - Consumer Edition,EBSCO,Result Clicks,2,40,24,12,38,12,30,111,102,73,210,173
Health Source - Consumer Edition,EBSCO,Searches-federated and automated,39,0,3,0,80,1133,4897,22598,18796,9852,24598,15688
Health Source: Nursing/Academic Edition,EBSCO,Record Views,31,366,256,63,878,1084,123,1106,987,107,376,292
Health Source: Nursing/Academic Edition,EBSCO,Regular Searches,320,1873,1348,1052,3492,4324,530,2719,2961,777,1850,1251
Health Source: Nursing/Academic Edition,EBSCO,Result Clicks,65,679,460,123,1525,2004,250,1709,1704,184,677,569
Health Source: Nursing/Academic Edition,EBSCO,Searches-federated and automated,39,0,3,0,80,1134,4922,22809,18949,9929,24805,15799
Health Technology Assessments,EBSCO,Record Views,0,1,0,0,0,4,0,0,1,1,1,0
Health Technology Assessments,EBSCO,Regular Searches,304,390,0,443,1342,1966,204,1030,1111,545,899,492
Health Technology Assessments,EBSCO,Result Clicks,0,4,0,0,0,9,0,0,2,2,2,0
Health Technology Assessments,EBSCO,Searches-federated and automated,39,0,0,0,80,1121,1029,3071,2086,1038,3510,1234
HeinOnline,EBSCO,Record Views,NA,NA,NA,0,0,0,0,0,NA,NA,NA,NA
HeinOnline,EBSCO,Regular Searches,NA,NA,NA,0,0,0,0,0,NA,NA,NA,NA
HeinOnline,EBSCO,Result Clicks,NA,NA,NA,0,0,0,0,0,NA,NA,NA,NA
HeinOnline,EBSCO,Searches-federated and automated,NA,NA,NA,0,80,69,0,0,NA,NA,NA,NA
Henry Stewart Talks,EBSCO,Record Views,NA,NA,NA,0,0,0,0,0,NA,NA,NA,NA
Henry Stewart Talks,EBSCO,Regular Searches,NA,NA,NA,0,0,0,0,0,NA,NA,NA,NA
Henry Stewart Talks,EBSCO,Result Clicks,NA,NA,NA,0,0,0,0,0,NA,NA,NA,NA
Henry Stewart Talks,EBSCO,Searches-federated and automated,NA,NA,NA,0,80,69,0,0,NA,NA,NA,NA
History Reference Center,EBSCO,Record Views,0,17,0,0,NA,NA,NA,NA,NA,NA,NA,NA
History Reference Center,EBSCO,Regular Searches,0,582,9,0,NA,NA,NA,NA,NA,NA,NA,NA
History Reference Center,EBSCO,Result Clicks,0,46,0,0,NA,NA,NA,NA,NA,NA,NA,NA
History Reference Center,EBSCO,Searches-federated and automated,0,0,0,0,NA,NA,NA,NA,NA,NA,NA,NA
Hoover's Company Profiles,EBSCO,Record Views,NA,NA,NA,0,0,0,0,0,NA,NA,NA,NA
Hoover's Company Profiles,EBSCO,Regular Searches,NA,NA,NA,0,0,0,0,0,NA,NA,NA,NA
Hoover's Company Profiles,EBSCO,Result Clicks,NA,NA,NA,0,0,0,0,0,NA,NA,NA,NA
Hoover's Company Profiles,EBSCO,Searches-federated and automated,NA,NA,NA,0,80,69,0,0,NA,NA,NA,NA
HyRead Journal,EBSCO,Record Views,NA,NA,NA,0,0,0,0,0,NA,NA,NA,NA
HyRead Journal,EBSCO,Regular Searches,NA,NA,NA,0,0,0,0,0,NA,NA,NA,NA
HyRead Journal,EBSCO,Result Clicks,NA,NA,NA,0,0,0,0,0,NA,NA,NA,NA
HyRead Journal,EBSCO,Searches-federated and automated,NA,NA,NA,0,80,71,0,0,NA,NA,NA,NA
Ibuk.pl,EBSCO,Record Views,NA,NA,NA,0,0,0,0,0,NA,NA,NA,NA
Ibuk.pl,EBSCO,Regular Searches,NA,NA,NA,0,0,0,0,0,NA,NA,NA,NA
Ibuk.pl,EBSCO,Result Clicks,NA,NA,NA,0,0,0,0,0,NA,NA,NA,NA
Ibuk.pl,EBSCO,Searches-federated and automated,NA,NA,NA,0,80,69,0,0,NA,NA,NA,NA
IndianJournals.com,EBSCO,Record Views,NA,NA,NA,0,0,0,0,0,NA,NA,NA,NA
IndianJournals.com,EBSCO,Regular Searches,NA,NA,NA,0,0,0,0,0,NA,NA,NA,NA
IndianJournals.com,EBSCO,Result Clicks,NA,NA,NA,0,0,0,0,0,NA,NA,NA,NA
IndianJournals.com,EBSCO,Searches-federated and automated,NA,NA,NA,0,80,69,0,0,NA,NA,NA,NA
Industry Studies Working Papers,EBSCO,Record Views,NA,NA,NA,0,0,0,0,0,NA,NA,NA,NA
Industry Studies Working Papers,EBSCO,Regular Searches,NA,NA,NA,0,0,0,0,0,NA,NA,NA,NA
Industry Studies Working Papers,EBSCO,Result Clicks,NA,NA,NA,0,0,0,0,0,NA,NA,NA,NA
Industry Studies Working Papers,EBSCO,Searches-federated and automated,NA,NA,NA,0,80,69,0,0,NA,NA,NA,NA
Informit Business Collection,EBSCO,Record Views,NA,NA,NA,0,0,0,0,0,NA,NA,NA,NA
Informit Business Collection,EBSCO,Regular Searches,NA,NA,NA,0,0,0,0,0,NA,NA,NA,NA
Informit Business Collection,EBSCO,Result Clicks,NA,NA,NA,0,0,0,0,0,NA,NA,NA,NA
Informit Business Collection,EBSCO,Searches-federated and automated,NA,NA,NA,0,80,69,0,0,NA,NA,NA,NA
Informit Engineering Collection,EBSCO,Record Views,NA,NA,NA,0,0,0,0,0,NA,NA,NA,NA
Informit Engineering Collection,EBSCO,Regular Searches,NA,NA,NA,0,0,0,0,0,NA,NA,NA,NA
Informit Engineering Collection,EBSCO,Result Clicks,NA,NA,NA,0,0,0,0,0,NA,NA,NA,NA
Informit Engineering Collection,EBSCO,Searches-federated and automated,NA,NA,NA,0,80,71,0,0,NA,NA,NA,NA
Informit Health Collection,EBSCO,Record Views,NA,NA,NA,0,0,0,0,0,NA,NA,NA,NA
Informit Health Collection,EBSCO,Regular Searches,NA,NA,NA,0,0,0,0,0,NA,NA,NA,NA
Informit Health Collection,EBSCO,Result Clicks,NA,NA,NA,0,0,0,0,0,NA,NA,NA,NA
Informit Health Collection,EBSCO,Searches-federated and automated,NA,NA,NA,0,80,71,0,0,NA,NA,NA,NA
Informit Humanities & Social Sciences Collection,EBSCO,Record Views,NA,NA,NA,0,0,0,0,0,NA,NA,NA,NA
Informit Humanities & Social Sciences Collection,EBSCO,Regular Searches,NA,NA,NA,0,0,0,0,0,NA,NA,NA,NA
Informit Humanities & Social Sciences Collection,EBSCO,Result Clicks,NA,NA,NA,0,0,0,0,0,NA,NA,NA,NA
Informit Humanities & Social Sciences Collection,EBSCO,Searches-federated and automated,NA,NA,NA,0,80,71,0,0,NA,NA,NA,NA
Informit Indigenous Collection,EBSCO,Record Views,NA,NA,NA,0,0,0,0,0,NA,NA,NA,NA
Informit Indigenous Collection,EBSCO,Regular Searches,NA,NA,NA,0,0,0,0,0,NA,NA,NA,NA
Informit Indigenous Collection,EBSCO,Result Clicks,NA,NA,NA,0,0,0,0,0,NA,NA,NA,NA
Informit Indigenous Collection,EBSCO,Searches-federated and automated,NA,NA,NA,0,80,71,0,0,NA,NA,NA,NA
Informit Literature & Culture Collection,EBSCO,Record Views,NA,NA,NA,0,0,0,0,0,NA,NA,NA,NA
Informit Literature & Culture Collection,EBSCO,Regular Searches,NA,NA,NA,0,0,0,0,0,NA,NA,NA,NA
Informit Literature & Culture Collection,EBSCO,Result Clicks,NA,NA,NA,0,0,0,0,0,NA,NA,NA,NA
Informit Literature & Culture Collection,EBSCO,Searches-federated and automated,NA,NA,NA,0,80,71,0,0,NA,NA,NA,NA
InfoTrac Computer Database,EBSCO,Record Views,NA,NA,NA,0,0,0,0,0,NA,NA,NA,NA
InfoTrac Computer Database,EBSCO,Regular Searches,NA,NA,NA,0,0,0,0,0,NA,NA,NA,NA
InfoTrac Computer Database,EBSCO,Result Clicks,NA,NA,NA,0,0,0,0,0,NA,NA,NA,NA
InfoTrac Computer Database,EBSCO,Searches-federated and automated,NA,NA,NA,0,80,71,0,0,NA,NA,NA,NA
InfoTrac Health Reference Center Academic,EBSCO,Record Views,NA,NA,NA,0,0,0,0,0,NA,NA,NA,NA
InfoTrac Health Reference Center Academic,EBSCO,Regular Searches,NA,NA,NA,0,0,0,0,0,NA,NA,NA,NA
InfoTrac Health Reference Center Academic,EBSCO,Result Clicks,NA,NA,NA,0,0,0,0,0,NA,NA,NA,NA
InfoTrac Health Reference Center Academic,EBSCO,Searches-federated and automated,NA,NA,NA,0,80,71,0,0,NA,NA,NA,NA
InfoTrac Informe!,EBSCO,Record Views,NA,NA,NA,0,0,0,0,0,NA,NA,NA,NA
InfoTrac Informe!,EBSCO,Regular Searches,NA,NA,NA,0,0,0,0,0,NA,NA,NA,NA
InfoTrac Informe!,EBSCO,Result Clicks,NA,NA,NA,0,0,0,0,0,NA,NA,NA,NA
InfoTrac Informe!,EBSCO,Searches-federated and automated,NA,NA,NA,0,80,71,0,0,NA,NA,NA,NA
InfoTrac Junior Edition,EBSCO,Record Views,NA,NA,NA,0,0,0,0,0,NA,NA,NA,NA
InfoTrac Junior Edition,EBSCO,Regular Searches,NA,NA,NA,0,0,0,0,0,NA,NA,NA,NA
InfoTrac Junior Edition,EBSCO,Result Clicks,NA,NA,NA,0,0,0,0,0,NA,NA,NA,NA
InfoTrac Junior Edition,EBSCO,Searches-federated and automated,NA,NA,NA,0,80,72,0,0,NA,NA,NA,NA
InfoTrac LegalTrac,EBSCO,Record Views,NA,NA,NA,0,0,0,0,0,NA,NA,NA,NA
InfoTrac LegalTrac,EBSCO,Regular Searches,NA,NA,NA,0,0,0,0,0,NA,NA,NA,NA
InfoTrac LegalTrac,EBSCO,Result Clicks,NA,NA,NA,0,0,0,0,0,NA,NA,NA,NA
InfoTrac LegalTrac,EBSCO,Searches-federated and automated,NA,NA,NA,0,80,71,0,0,NA,NA,NA,NA
InfoTrac Newsstand,EBSCO,Record Views,NA,NA,NA,0,0,0,0,0,NA,NA,NA,NA
InfoTrac Newsstand,EBSCO,Regular Searches,NA,NA,NA,0,0,0,0,0,NA,NA,NA,NA
InfoTrac Newsstand,EBSCO,Result Clicks,NA,NA,NA,0,3,0,0,0,NA,NA,NA,NA
InfoTrac Newsstand,EBSCO,Searches-federated and automated,NA,NA,NA,0,80,71,0,0,NA,NA,NA,NA
InfoTrac Student Edition,EBSCO,Record Views,NA,NA,NA,0,0,0,0,0,NA,NA,NA,NA
InfoTrac Student Edition,EBSCO,Regular Searches,NA,NA,NA,0,0,0,0,0,NA,NA,NA,NA
InfoTrac Student Edition,EBSCO,Result Clicks,NA,NA,NA,0,0,0,0,0,NA,NA,NA,NA
InfoTrac Student Edition,EBSCO,Searches-federated and automated,NA,NA,NA,0,81,71,0,0,NA,NA,NA,NA
J-STAGE,EBSCO,Record Views,NA,NA,NA,0,0,0,0,0,NA,NA,NA,NA
J-STAGE,EBSCO,Regular Searches,NA,NA,NA,0,0,0,0,0,NA,NA,NA,NA
J-STAGE,EBSCO,Result Clicks,NA,NA,NA,0,0,0,0,0,NA,NA,NA,NA
J-STAGE,EBSCO,Searches-federated and automated,NA,NA,NA,0,80,71,0,0,NA,NA,NA,NA
"Jane's Chemical, Biological, Radiological & Nuclear Assessments (JCBRN) - Intelligence Centre",EBSCO,Record Views,NA,NA,NA,0,0,0,0,0,NA,NA,NA,NA
"Jane's Chemical, Biological, Radiological & Nuclear Assessments (JCBRN) - Intelligence Centre",EBSCO,Regular Searches,NA,NA,NA,0,0,0,0,0,NA,NA,NA,NA
"Jane's Chemical, Biological, Radiological & Nuclear Assessments (JCBRN) - Intelligence Centre",EBSCO,Result Clicks,NA,NA,NA,0,0,0,0,0,NA,NA,NA,NA
"Jane's Chemical, Biological, Radiological & Nuclear Assessments (JCBRN) - Intelligence Centre",EBSCO,Searches-federated and automated,NA,NA,NA,0,80,69,0,0,NA,NA,NA,NA
Jane's Defence Equipment & Technology (JDET) - Air & Space,EBSCO,Record Views,NA,NA,NA,0,0,0,0,0,NA,NA,NA,NA
Jane's Defence Equipment & Technology (JDET) - Air & Space,EBSCO,Regular Searches,NA,NA,NA,0,0,0,0,0,NA,NA,NA,NA
Jane's Defence Equipment & Technology (JDET) - Air & Space,EBSCO,Result Clicks,NA,NA,NA,0,0,0,0,0,NA,NA,NA,NA
Jane's Defence Equipment & Technology (JDET) - Air & Space,EBSCO,Searches-federated and automated,NA,NA,NA,0,80,69,0,0,NA,NA,NA,NA
Jane's Defence Equipment & Technology (JDET) - C4ISR & Mission Systems,EBSCO,Record Views,NA,NA,NA,0,0,0,0,0,NA,NA,NA,NA
Jane's Defence Equipment & Technology (JDET) - C4ISR & Mission Systems,EBSCO,Regular Searches,NA,NA,NA,0,0,0,0,0,NA,NA,NA,NA
Jane's Defence Equipment & Technology (JDET) - C4ISR & Mission Systems,EBSCO,Result Clicks,NA,NA,NA,0,0,0,0,0,NA,NA,NA,NA
Jane's Defence Equipment & Technology (JDET) - C4ISR & Mission Systems,EBSCO,Searches-federated and automated,NA,NA,NA,0,80,69,0,0,NA,NA,NA,NA
Jane's Defence Equipment & Technology (JDET) - News,EBSCO,Record Views,NA,NA,NA,NA,NA,0,0,0,NA,NA,NA,NA
Jane's Defence Equipment & Technology (JDET) - News,EBSCO,Regular Searches,NA,NA,NA,NA,NA,0,0,0,NA,NA,NA,NA
Jane's Defence Equipment & Technology (JDET) - News,EBSCO,Result Clicks,NA,NA,NA,NA,NA,0,0,0,NA,NA,NA,NA
Jane's Defence Equipment & Technology (JDET) - News,EBSCO,Searches-federated and automated,NA,NA,NA,NA,NA,69,0,0,NA,NA,NA,NA
Jane's Defence Equipment & Technology (JDET) – Land,EBSCO,Record Views,NA,NA,NA,0,0,0,0,0,NA,NA,NA,NA
Jane's Defence Equipment & Technology (JDET) – Land,EBSCO,Regular Searches,NA,NA,NA,0,0,0,0,0,NA,NA,NA,NA
Jane's Defence Equipment & Technology (JDET) – Land,EBSCO,Result Clicks,NA,NA,NA,0,0,0,0,0,NA,NA,NA,NA
Jane's Defence Equipment & Technology (JDET) – Land,EBSCO,Searches-federated and automated,NA,NA,NA,0,80,69,0,0,NA,NA,NA,NA
Jane's Defence Equipment & Technology (JDET) – News,EBSCO,Record Views,NA,NA,NA,0,0,NA,NA,NA,NA,NA,NA,NA
Jane's Defence Equipment & Technology (JDET) – News,EBSCO,Regular Searches,NA,NA,NA,0,0,NA,NA,NA,NA,NA,NA,NA
Jane's Defence Equipment & Technology (JDET) – News,EBSCO,Result Clicks,NA,NA,NA,0,0,NA,NA,NA,NA,NA,NA,NA
Jane's Defence Equipment & Technology (JDET) – News,EBSCO,Searches-federated and automated,NA,NA,NA,0,80,NA,NA,NA,NA,NA,NA,NA
Jane's Defence Equipment & Technology (JDET) – Sea,EBSCO,Record Views,NA,NA,NA,0,0,0,0,0,NA,NA,NA,NA
Jane's Defence Equipment & Technology (JDET) – Sea,EBSCO,Regular Searches,NA,NA,NA,0,0,0,0,0,NA,NA,NA,NA
Jane's Defence Equipment & Technology (JDET) – Sea,EBSCO,Result Clicks,NA,NA,NA,0,0,0,0,0,NA,NA,NA,NA
Jane's Defence Equipment & Technology (JDET) – Sea,EBSCO,Searches-federated and automated,NA,NA,NA,0,80,69,0,0,NA,NA,NA,NA
Jane's Defence Industry & Markets (JDIM) - Defense Industry,EBSCO,Record Views,NA,NA,NA,0,0,0,0,0,NA,NA,NA,NA
Jane's Defence Industry & Markets (JDIM) - Defense Industry,EBSCO,Regular Searches,NA,NA,NA,0,0,0,0,0,NA,NA,NA,NA
Jane's Defence Industry & Markets (JDIM) - Defense Industry,EBSCO,Result Clicks,NA,NA,NA,0,0,0,0,0,NA,NA,NA,NA
Jane's Defence Industry & Markets (JDIM) - Defense Industry,EBSCO,Searches-federated and automated,NA,NA,NA,0,80,69,0,0,NA,NA,NA,NA
Jane's Military & Security Assessments (JMSA) - Country Risk,EBSCO,Record Views,NA,NA,NA,0,0,0,0,0,NA,NA,NA,NA
Jane's Military & Security Assessments (JMSA) - Country Risk,EBSCO,Regular Searches,NA,NA,NA,0,0,0,0,0,NA,NA,NA,NA
Jane's Military & Security Assessments (JMSA) - Country Risk,EBSCO,Result Clicks,NA,NA,NA,0,0,0,0,0,NA,NA,NA,NA
Jane's Military & Security Assessments (JMSA) - Country Risk,EBSCO,Searches-federated and automated,NA,NA,NA,0,80,69,0,0,NA,NA,NA,NA
Jane's Military & Security Assessments (JMSA) - Military Capabilities,EBSCO,Record Views,NA,NA,NA,0,0,0,0,0,NA,NA,NA,NA
Jane's Military & Security Assessments (JMSA) - Military Capabilities,EBSCO,Regular Searches,NA,NA,NA,0,0,0,0,0,NA,NA,NA,NA
Jane's Military & Security Assessments (JMSA) - Military Capabilities,EBSCO,Result Clicks,NA,NA,NA,0,0,0,0,0,NA,NA,NA,NA
Jane's Military & Security Assessments (JMSA) - Military Capabilities,EBSCO,Searches-federated and automated,NA,NA,NA,0,80,69,0,0,NA,NA,NA,NA
Jane's Military & Security Assessments (JMSA) – News,EBSCO,Record Views,NA,NA,NA,0,0,0,0,0,NA,NA,NA,NA
Jane's Military & Security Assessments (JMSA) – News,EBSCO,Regular Searches,NA,NA,NA,0,0,0,0,0,NA,NA,NA,NA
Jane's Military & Security Assessments (JMSA) – News,EBSCO,Result Clicks,NA,NA,NA,0,0,0,0,0,NA,NA,NA,NA
Jane's Military & Security Assessments (JMSA) – News,EBSCO,Searches-federated and automated,NA,NA,NA,0,80,70,0,0,NA,NA,NA,NA
Jane’s Terrorism & Insurgency Centre (JTIC) - Terrorism Events,EBSCO,Record Views,NA,NA,NA,0,0,0,0,0,NA,NA,NA,NA
Jane’s Terrorism & Insurgency Centre (JTIC) - Terrorism Events,EBSCO,Regular Searches,NA,NA,NA,0,0,0,0,0,NA,NA,NA,NA
Jane’s Terrorism & Insurgency Centre (JTIC) - Terrorism Events,EBSCO,Result Clicks,NA,NA,NA,0,0,0,0,0,NA,NA,NA,NA
Jane’s Terrorism & Insurgency Centre (JTIC) - Terrorism Events,EBSCO,Searches-federated and automated,NA,NA,NA,0,80,70,0,0,NA,NA,NA,NA
Japanese Periodical Index - 雑誌記事索引,EBSCO,Record Views,NA,NA,NA,0,0,0,0,0,NA,NA,NA,NA
Japanese Periodical Index - 雑誌記事索引,EBSCO,Regular Searches,NA,NA,NA,0,0,0,0,0,NA,NA,NA,NA
Japanese Periodical Index - 雑誌記事索引,EBSCO,Result Clicks,NA,NA,NA,0,0,0,0,0,NA,NA,NA,NA
Japanese Periodical Index - 雑誌記事索引,EBSCO,Searches-federated and automated,NA,NA,NA,0,80,69,0,0,NA,NA,NA,NA
JoVE Science Education Database,EBSCO,Record Views,NA,NA,NA,NA,NA,NA,NA,NA,0,0,0,NA
JoVE Science Education Database,EBSCO,Regular Searches,NA,NA,NA,NA,NA,NA,NA,NA,2,0,0,NA
JoVE Science Education Database,EBSCO,Result Clicks,NA,NA,NA,NA,NA,NA,NA,NA,0,0,0,NA
JoVE Science Education Database,EBSCO,Searches-federated and automated,NA,NA,NA,NA,NA,NA,NA,NA,0,0,0,NA
JSTOR,NA,Record Views,NA,NA,NA,NA,NA,653,103,276,147,53,174,NA
JSTOR,NA,Regular Searches,NA,NA,NA,NA,NA,6279,1125,6407,4896,1802,5474,NA
JSTOR,NA,Result Clicks,NA,NA,NA,NA,NA,5059,933,4727,3879,1481,4091,NA
JSTOR,NA,Searches - federated and automated,NA,NA,NA,NA,NA,465,88,435,338,89,122,NA
JSTOR 19th Century British Pamphlets,EBSCO,Record Views,NA,NA,NA,0,0,0,0,0,2,0,0,0
JSTOR 19th Century British Pamphlets,EBSCO,Regular Searches,NA,NA,NA,0,0,0,0,0,0,0,0,0
JSTOR 19th Century British Pamphlets,EBSCO,Result Clicks,NA,NA,NA,0,0,0,0,0,4,0,0,0
JSTOR 19th Century British Pamphlets,EBSCO,Searches-federated and automated,NA,NA,NA,0,80,1121,1034,3105,2102,1032,3480,1228
JSTOR Journals,EBSCO,Record Views,NA,NA,NA,0,0,8,31,283,186,135,316,207
JSTOR Journals,EBSCO,Regular Searches,NA,NA,NA,0,0,0,0,0,0,0,0,0
JSTOR Journals,EBSCO,Result Clicks,NA,NA,NA,0,0,37,74,485,373,283,576,415
JSTOR Journals,EBSCO,Searches-federated and automated,NA,NA,NA,0,80,1125,4882,22547,18752,9867,24619,15699
Korean Studies Information Service System (KISS),EBSCO,Record Views,NA,NA,NA,0,0,0,0,0,NA,NA,NA,NA
Korean Studies Information Service System (KISS),EBSCO,Regular Searches,NA,NA,NA,0,0,0,0,0,NA,NA,NA,NA
Korean Studies Information Service System (KISS),EBSCO,Result Clicks,NA,NA,NA,0,0,0,0,0,NA,NA,NA,NA
Korean Studies Information Service System (KISS),EBSCO,Searches-federated and automated,NA,NA,NA,0,80,71,0,0,NA,NA,NA,NA
KyoboScholar,EBSCO,Record Views,NA,NA,NA,0,0,0,0,0,NA,NA,NA,NA
KyoboScholar,EBSCO,Regular Searches,NA,NA,NA,0,0,0,0,0,NA,NA,NA,NA
KyoboScholar,EBSCO,Result Clicks,NA,NA,NA,0,0,0,0,0,NA,NA,NA,NA
KyoboScholar,EBSCO,Searches-federated and automated,NA,NA,NA,0,80,70,0,0,NA,NA,NA,NA
Lan Publishing,EBSCO,Record Views,NA,NA,NA,0,0,0,0,0,NA,NA,NA,NA
Lan Publishing,EBSCO,Regular Searches,NA,NA,NA,0,0,0,0,0,NA,NA,NA,NA
Lan Publishing,EBSCO,Result Clicks,NA,NA,NA,0,0,0,0,0,NA,NA,NA,NA
Lan Publishing,EBSCO,Searches-federated and automated,NA,NA,NA,0,80,69,0,0,NA,NA,NA,NA
LDBO consolidated build,EBSCO,Record Views,NA,NA,NA,NA,NA,NA,NA,NA,0,0,0,0
LDBO consolidated build,EBSCO,Regular Searches,NA,NA,NA,NA,NA,NA,NA,NA,0,0,0,0
LDBO consolidated build,EBSCO,Result Clicks,NA,NA,NA,NA,NA,NA,NA,NA,0,0,0,0
LDBO consolidated build,EBSCO,Searches-federated and automated,NA,NA,NA,NA,NA,NA,NA,NA,0,10,36,8
LexisNexis Academic: Law Reviews,EBSCO,Record Views,NA,NA,NA,0,1,0,18,56,112,48,93,137
LexisNexis Academic: Law Reviews,EBSCO,Regular Searches,NA,NA,NA,0,0,0,0,0,0,0,0,0
LexisNexis Academic: Law Reviews,EBSCO,Result Clicks,NA,NA,NA,0,2,0,41,108,193,90,161,221
LexisNexis Academic: Law Reviews,EBSCO,Searches-federated and automated,NA,NA,NA,0,80,71,3835,19293,16536,8764,20932,14354
LexisNexis U.S. Serial Set Digital Collection,EBSCO,Record Views,NA,NA,NA,0,0,0,0,0,NA,NA,NA,NA
LexisNexis U.S. Serial Set Digital Collection,EBSCO,Regular Searches,NA,NA,NA,0,0,0,0,0,NA,NA,NA,NA
LexisNexis U.S. Serial Set Digital Collection,EBSCO,Result Clicks,NA,NA,NA,0,0,0,0,0,NA,NA,NA,NA
LexisNexis U.S. Serial Set Digital Collection,EBSCO,Searches-federated and automated,NA,NA,NA,0,80,71,0,0,NA,NA,NA,NA
"Library, Information Science & Technology Abstracts",EBSCO,Record Views,NA,NA,NA,0,71,98,104,183,135,211,129,53
"Library, Information Science & Technology Abstracts",EBSCO,Regular Searches,NA,NA,NA,85,1102,1778,275,1020,1018,578,822,419
"Library, Information Science & Technology Abstracts",EBSCO,Result Clicks,NA,NA,NA,7,112,174,172,292,202,245,219,74
"Library, Information Science & Technology Abstracts",EBSCO,Searches-federated and automated,NA,NA,NA,0,80,1131,4889,22562,18745,9866,24618,15696
Literary Reference Center,EBSCO,Record Views,9,865,179,66,363,344,59,320,347,207,541,33
Literary Reference Center,EBSCO,Regular Searches,304,2262,866,466,1623,1947,272,1229,1398,675,1240,412
Literary Reference Center,EBSCO,Result Clicks,21,1609,397,149,665,640,117,617,604,429,1076,58
Literary Reference Center,EBSCO,Searches-federated and automated,39,0,3,0,80,1138,1048,3140,2126,1062,3569,1239
Literature Resource Center,EBSCO,Record Views,NA,NA,NA,0,0,2,0,0,NA,NA,NA,NA
Literature Resource Center,EBSCO,Regular Searches,NA,NA,NA,0,0,0,0,0,NA,NA,NA,NA
Literature Resource Center,EBSCO,Result Clicks,NA,NA,NA,0,2,7,0,0,NA,NA,NA,NA
Literature Resource Center,EBSCO,Searches-federated and automated,NA,NA,NA,0,80,73,0,0,NA,NA,NA,NA
LUNA Commons,EBSCO,Record Views,NA,NA,NA,0,0,0,0,0,NA,NA,NA,NA
LUNA Commons,EBSCO,Regular Searches,NA,NA,NA,0,0,0,0,0,NA,NA,NA,NA
LUNA Commons,EBSCO,Result Clicks,NA,NA,NA,0,0,0,0,0,NA,NA,NA,NA
LUNA Commons,EBSCO,Searches-federated and automated,NA,NA,NA,0,80,69,0,0,NA,NA,NA,NA
Manuscriptorium Digital Library,EBSCO,Record Views,NA,NA,NA,0,0,0,0,0,NA,NA,NA,NA
Manuscriptorium Digital Library,EBSCO,Regular Searches,NA,NA,NA,0,0,0,0,0,NA,NA,NA,NA
Manuscriptorium Digital Library,EBSCO,Result Clicks,NA,NA,NA,0,0,0,0,0,NA,NA,NA,NA
Manuscriptorium Digital Library,EBSCO,Searches-federated and automated,NA,NA,NA,0,80,71,0,0,NA,NA,NA,NA
Marquis Biographies Online,EBSCO,Record Views,NA,NA,NA,0,0,0,0,0,NA,NA,NA,NA
Marquis Biographies Online,EBSCO,Regular Searches,NA,NA,NA,0,0,0,0,0,NA,NA,NA,NA
Marquis Biographies Online,EBSCO,Result Clicks,NA,NA,NA,0,0,0,0,0,NA,NA,NA,NA
Marquis Biographies Online,EBSCO,Searches-federated and automated,NA,NA,NA,0,80,69,0,0,NA,NA,NA,NA
Maruzen eBook Library,EBSCO,Record Views,NA,NA,NA,0,0,0,0,0,NA,NA,NA,NA
Maruzen eBook Library,EBSCO,Regular Searches,NA,NA,NA,0,0,0,0,0,NA,NA,NA,NA
Maruzen eBook Library,EBSCO,Result Clicks,NA,NA,NA,0,0,0,0,0,NA,NA,NA,NA
Maruzen eBook Library,EBSCO,Searches-federated and automated,NA,NA,NA,0,80,69,0,0,NA,NA,NA,NA
MAS Ultra - School Edition,EBSCO,Record Views,2,6,10,1,0,3,2,15,8,1,14,2
MAS Ultra - School Edition,EBSCO,Regular Searches,293,1066,608,345,975,1504,194,915,941,500,742,390
MAS Ultra - School Edition,EBSCO,Result Clicks,6,11,23,2,0,10,3,25,18,3,23,6
MAS Ultra - School Edition,EBSCO,Searches-federated and automated,39,0,3,0,80,1150,1045,3131,2123,1050,3564,1240
MasterFILE Premier,EBSCO,Record Views,18,38,64,13,41,71,40,376,118,60,223,38
MasterFILE Premier,EBSCO,Regular Searches,296,1097,723,376,981,1527,198,916,960,548,759,400
MasterFILE Premier,EBSCO,Result Clicks,39,100,146,29,88,147,94,733,250,185,477,78
MasterFILE Premier,EBSCO,Searches-federated and automated,39,0,3,0,80,1155,1050,3153,2131,1066,3589,1242
Media Archive,EBSCO,Record Views,NA,NA,NA,0,0,0,0,0,NA,NA,NA,NA
Media Archive,EBSCO,Regular Searches,NA,NA,NA,0,0,0,0,0,NA,NA,NA,NA
Media Archive,EBSCO,Result Clicks,NA,NA,NA,0,0,0,0,0,NA,NA,NA,NA
Media Archive,EBSCO,Searches-federated and automated,NA,NA,NA,0,80,69,0,0,NA,NA,NA,NA
MEDLINE,EBSCO,Record Views,191,2629,2727,982,3092,3396,276,2014,530,115,642,580
MEDLINE,EBSCO,Regular Searches,601,6248,6472,2525,8344,7838,956,3768,2394,600,1566,1214
MEDLINE,EBSCO,Result Clicks,433,5537,5361,2085,5904,6279,574,3341,957,246,1286,1104
MEDLINE,EBSCO,Searches-federated and automated,39,0,3,0,80,70,3851,19539,16699,8830,21130,14481
MEDLINE Complete,EBSCO,Record Views,NA,NA,NA,NA,NA,NA,NA,NA,0,88,2424,1768
MEDLINE Complete,EBSCO,Regular Searches,NA,NA,NA,NA,NA,NA,NA,NA,0,293,4353,3712
MEDLINE Complete,EBSCO,Result Clicks,NA,NA,NA,NA,NA,NA,NA,NA,0,168,4108,3276
MEDLINE Complete,EBSCO,Searches-federated and automated,NA,NA,NA,NA,NA,NA,NA,NA,0,0,0,0
MEDLINE with Full Text,EBSCO,Record Views,NA,NA,NA,NA,NA,0,57,2255,3030,711,273,0
MEDLINE with Full Text,EBSCO,Regular Searches,NA,NA,NA,NA,NA,0,105,3846,5416,1180,371,0
MEDLINE with Full Text,EBSCO,Result Clicks,NA,NA,NA,NA,NA,0,158,4228,5586,1467,508,0
MEDLINE with Full Text,EBSCO,Searches-federated and automated,NA,NA,NA,NA,NA,0,1162,22724,18885,9907,5318,0
Mergent Annual Reports Collection,EBSCO,Record Views,NA,NA,NA,0,0,0,0,0,0,0,1,0
Mergent Annual Reports Collection,EBSCO,Regular Searches,NA,NA,NA,0,0,0,0,0,0,0,0,0
Mergent Annual Reports Collection,EBSCO,Result Clicks,NA,NA,NA,0,0,0,0,0,0,0,3,0
Mergent Annual Reports Collection,EBSCO,Searches-federated and automated,NA,NA,NA,0,80,1121,1029,3071,2087,1032,3507,169
Mergent Online,EBSCO,Record Views,NA,NA,NA,NA,NA,NA,NA,NA,0,0,0,0
Mergent Online,EBSCO,Regular Searches,NA,NA,NA,NA,NA,NA,NA,NA,0,0,0,0
Mergent Online,EBSCO,Result Clicks,NA,NA,NA,NA,NA,NA,NA,NA,0,0,0,0
Mergent Online,EBSCO,Searches-federated and automated,NA,NA,NA,NA,NA,NA,NA,NA,0,0,0,1064
Military & Government Collection,EBSCO,Record Views,0,21,7,4,12,6,0,6,8,0,1,0
Military & Government Collection,EBSCO,Regular Searches,293,1091,607,347,1038,1569,193,918,952,501,720,375
Military & Government Collection,EBSCO,Result Clicks,0,48,12,7,17,14,0,14,16,0,2,0
Military & Government Collection,EBSCO,Searches-federated and automated,39,0,3,0,80,1149,1048,3136,2121,1057,3573,1239
Minority Health Archive,EBSCO,Record Views,NA,NA,NA,0,0,0,0,0,NA,NA,NA,NA
Minority Health Archive,EBSCO,Regular Searches,NA,NA,NA,0,0,0,0,0,NA,NA,NA,NA
Minority Health Archive,EBSCO,Result Clicks,NA,NA,NA,0,0,0,0,0,NA,NA,NA,NA
Minority Health Archive,EBSCO,Searches-federated and automated,NA,NA,NA,0,80,69,0,0,NA,NA,NA,NA
Mintel Oxygen Reports,EBSCO,Record Views,NA,NA,NA,0,0,0,0,0,NA,NA,NA,NA
Mintel Oxygen Reports,EBSCO,Regular Searches,NA,NA,NA,0,0,0,0,0,NA,NA,NA,NA
Mintel Oxygen Reports,EBSCO,Result Clicks,NA,NA,NA,0,0,0,0,0,NA,NA,NA,NA
Mintel Oxygen Reports,EBSCO,Searches-federated and automated,NA,NA,NA,0,80,69,0,0,NA,NA,NA,NA
MLA Directory of Periodicals,EBSCO,Record Views,0,0,0,0,1,0,0,1,1,0,0,0
MLA Directory of Periodicals,EBSCO,Regular Searches,295,1035,645,374,957,1525,193,926,945,496,745,401
MLA Directory of Periodicals,EBSCO,Result Clicks,0,0,0,0,2,0,0,2,2,0,0,0
MLA Directory of Periodicals,EBSCO,Searches-federated and automated,39,0,3,0,80,1121,4863,22369,18626,9797,24441,15585
MLA International Bibliography,EBSCO,Record Views,41,303,85,19,356,54,34,488,158,204,214,103
MLA International Bibliography,EBSCO,Regular Searches,531,1610,820,451,1606,1696,214,1432,1055,609,817,479
MLA International Bibliography,EBSCO,Result Clicks,76,456,159,29,521,95,71,804,303,346,341,189
MLA International Bibliography,EBSCO,Searches-federated and automated,39,0,3,0,80,1123,4876,22475,18687,9852,24589,15661
Music Online: Opera in Video,Alexander Street Press,Record Views,NA,NA,NA,NA,NA,NA,NA,NA,0,0,15,NA
Music Online: Opera in Video,Alexander Street Press,Regular Searches,NA,NA,NA,NA,NA,NA,NA,NA,0,0,146,NA
Music Online: Opera in Video,Alexander Street Press,Result Clicks,NA,NA,NA,NA,NA,NA,NA,NA,0,0,5,NA
Music Online: Opera in Video,Alexander Street Press,Searches-federated and automated,NA,NA,NA,NA,NA,NA,NA,NA,0,0,0,NA
Music Online: The Garland Encyclopedia of World Music,Alexander Street Press,Record Views,NA,NA,NA,NA,NA,NA,NA,NA,0,0,3,NA
Music Online: The Garland Encyclopedia of World Music,Alexander Street Press,Regular Searches,NA,NA,NA,NA,NA,NA,NA,NA,0,0,20,NA
Music Online: The Garland Encyclopedia of World Music,Alexander Street Press,Result Clicks,NA,NA,NA,NA,NA,NA,NA,NA,0,0,1,NA
Music Online: The Garland Encyclopedia of World Music,Alexander Street Press,Searches-federated and automated,NA,NA,NA,NA,NA,NA,NA,NA,0,0,0,NA
Naxos Music Library,EBSCO,Record Views,NA,NA,NA,0,0,1,1,11,7,7,8,0
Naxos Music Library,EBSCO,Regular Searches,NA,NA,NA,0,0,0,0,0,0,0,0,0
Naxos Music Library,EBSCO,Result Clicks,NA,NA,NA,0,1,1,2,13,12,9,20,0
Naxos Music Library,EBSCO,Searches-federated and automated,NA,NA,NA,0,80,1129,1186,3891,2900,1320,4337,1788
Naxos Music Library Jazz,EBSCO,Record Views,NA,NA,NA,0,0,0,0,0,NA,NA,NA,NA
Naxos Music Library Jazz,EBSCO,Regular Searches,NA,NA,NA,0,0,0,0,0,NA,NA,NA,NA
Naxos Music Library Jazz,EBSCO,Result Clicks,NA,NA,NA,0,0,0,0,0,NA,NA,NA,NA
Naxos Music Library Jazz,EBSCO,Searches-federated and automated,NA,NA,NA,0,80,69,0,0,NA,NA,NA,NA
Naxos Spoken Word Library,EBSCO,Record Views,NA,NA,NA,0,0,0,0,0,NA,NA,NA,NA
Naxos Spoken Word Library,EBSCO,Regular Searches,NA,NA,NA,0,0,0,0,0,NA,NA,NA,NA
Naxos Spoken Word Library,EBSCO,Result Clicks,NA,NA,NA,0,0,0,0,0,NA,NA,NA,NA
Naxos Spoken Word Library,EBSCO,Searches-federated and automated,NA,NA,NA,0,80,69,0,0,NA,NA,NA,NA
Naxos Video Library,EBSCO,Record Views,NA,NA,NA,0,0,0,0,0,NA,NA,NA,NA
Naxos Video Library,EBSCO,Regular Searches,NA,NA,NA,0,0,0,0,0,NA,NA,NA,NA
Naxos Video Library,EBSCO,Result Clicks,NA,NA,NA,0,0,0,0,0,NA,NA,NA,NA
Naxos Video Library,EBSCO,Searches-federated and automated,NA,NA,NA,0,80,69,0,0,NA,NA,NA,NA
NBC Learn Higher Ed,EBSCO,Record Views,NA,NA,NA,0,0,0,0,0,NA,NA,NA,NA
NBC Learn Higher Ed,EBSCO,Regular Searches,NA,NA,NA,0,0,0,0,0,NA,NA,NA,NA
NBC Learn Higher Ed,EBSCO,Result Clicks,NA,NA,NA,0,0,0,0,0,NA,NA,NA,NA
NBC Learn Higher Ed,EBSCO,Searches-federated and automated,NA,NA,NA,0,80,71,0,0,NA,NA,NA,NA
NBC Learn K-12,EBSCO,Record Views,NA,NA,NA,0,0,1,0,0,NA,NA,NA,NA
NBC Learn K-12,EBSCO,Regular Searches,NA,NA,NA,0,0,0,0,0,NA,NA,NA,NA
NBC Learn K-12,EBSCO,Result Clicks,NA,NA,NA,0,0,2,0,0,NA,NA,NA,NA
NBC Learn K-12,EBSCO,Searches-federated and automated,NA,NA,NA,0,80,71,0,0,NA,NA,NA,NA
New Testament Abstracts,EBSCO,Record Views,0,114,209,34,107,105,5,40,53,16,141,40
New Testament Abstracts,EBSCO,Regular Searches,0,1187,947,409,1050,1668,205,956,1027,506,864,414
New Testament Abstracts,EBSCO,Result Clicks,0,187,340,47,161,162,9,75,98,40,244,71
New Testament Abstracts,EBSCO,Searches-federated and automated,0,0,3,0,78,0,3832,19290,16531,8767,20924,14333
Newnonmun – 뉴논문,EBSCO,Record Views,NA,NA,NA,0,0,0,0,0,NA,NA,NA,NA
Newnonmun – 뉴논문,EBSCO,Regular Searches,NA,NA,NA,0,0,0,0,0,NA,NA,NA,NA
Newnonmun – 뉴논문,EBSCO,Result Clicks,NA,NA,NA,0,0,0,0,0,NA,NA,NA,NA
Newnonmun – 뉴논문,EBSCO,Searches-federated and automated,NA,NA,NA,0,80,69,0,0,NA,NA,NA,NA
NewsBank,EBSCO,Record Views,NA,NA,NA,0,0,0,0,0,NA,NA,NA,NA
NewsBank,EBSCO,Regular Searches,NA,NA,NA,0,0,0,0,0,NA,NA,NA,NA
NewsBank,EBSCO,Result Clicks,NA,NA,NA,0,0,0,0,0,NA,NA,NA,NA
NewsBank,EBSCO,Searches-federated and automated,NA,NA,NA,0,80,69,0,0,NA,NA,NA,NA
NewsBank - Archives,EBSCO,Record Views,NA,NA,NA,0,0,0,0,0,NA,NA,NA,NA
NewsBank - Archives,EBSCO,Regular Searches,NA,NA,NA,0,0,0,0,0,NA,NA,NA,NA
NewsBank - Archives,EBSCO,Result Clicks,NA,NA,NA,0,0,0,0,0,NA,NA,NA,NA
NewsBank - Archives,EBSCO,Searches-federated and automated,NA,NA,NA,0,80,69,0,0,NA,NA,NA,NA
Newspaper Source,EBSCO,Record Views,3,14,11,1,5,43,9,16,27,4,30,5
Newspaper Source,EBSCO,Regular Searches,296,1237,616,393,1003,1756,198,923,947,500,794,388
Newspaper Source,EBSCO,Result Clicks,6,37,25,3,12,86,30,45,64,16,63,9
Newspaper Source,EBSCO,Searches-federated and automated,39,0,3,0,80,1122,1032,3095,2104,1045,3529,1236
Newswires,EBSCO,Record Views,NA,NA,NA,0,0,3,1,0,1,1,6,0
Newswires,EBSCO,Regular Searches,NA,NA,NA,0,0,0,0,0,0,0,0,0
Newswires,EBSCO,Result Clicks,NA,NA,NA,0,0,3,1,0,1,1,8,0
Newswires,EBSCO,Searches-federated and automated,NA,NA,NA,0,80,1122,1028,3070,2086,1032,3503,1233
NHS Economic Evaluation Database,EBSCO,Record Views,0,0,0,0,0,0,0,0,0,0,0,0
NHS Economic Evaluation Database,EBSCO,Regular Searches,292,341,0,298,963,1495,195,911,932,501,684,381
NHS Economic Evaluation Database,EBSCO,Result Clicks,0,1,0,0,0,1,0,0,0,0,0,0
NHS Economic Evaluation Database,EBSCO,Searches-federated and automated,39,0,0,0,80,69,0,0,0,4,0,0
Nursing Education in Video,Alexander Street Press,Record Views,0,0,2,100,248,124,96,84,239,145,65,NA
Nursing Education in Video,Alexander Street Press,Regular Searches,0,0,5,13,208,36,9,43,20,16,42,NA
Nursing Education in Video,Alexander Street Press,Result Clicks,0,0,0,4,128,24,14,4,14,1,6,NA
Nursing Education in Video,Alexander Street Press,Searches-federated and automated,0,0,0,0,0,0,0,0,0,0,0,NA
"Nursing Education in Video, 2013",Alexander Street Press,Record Views,0,0,0,1,32,15,4,8,28,4,12,NA
"Nursing Education in Video, 2013",Alexander Street Press,Regular Searches,0,0,5,13,208,36,9,43,20,16,42,NA
"Nursing Education in Video, 2013",Alexander Street Press,Result Clicks,0,0,0,1,12,7,2,0,0,0,0,NA
"Nursing Education in Video, 2013",Alexander Street Press,Searches-federated and automated,0,0,0,0,0,0,0,0,0,0,0,NA
Nursing Reference Center,EBSCO,Record Views,3,161,141,12,61,91,21,213,115,81,752,162
Nursing Reference Center,EBSCO,Regular Searches,706,2743,2479,364,8261,3564,166,4580,4037,533,4339,3456
Nursing Reference Center,EBSCO,Result Clicks,631,3013,2595,358,8210,3551,228,4854,4386,746,4730,3853
Nursing Reference Center,EBSCO,Searches-federated and automated,0,0,0,0,80,1125,1979,22463,18715,9833,24516,15636
OAIster,EBSCO,Record Views,NA,NA,NA,0,0,2,3,12,5,0,0,0
OAIster,EBSCO,Regular Searches,NA,NA,NA,0,0,0,0,0,0,0,0,0
OAIster,EBSCO,Result Clicks,NA,NA,NA,0,0,12,8,22,16,2,0,0
OAIster,EBSCO,Searches-federated and automated,NA,NA,NA,0,80,1121,1028,3071,2086,384,0,0
OAPEN Library,EBSCO,Record Views,NA,NA,NA,0,0,0,0,0,NA,NA,NA,NA
OAPEN Library,EBSCO,Regular Searches,NA,NA,NA,0,0,0,0,0,NA,NA,NA,NA
OAPEN Library,EBSCO,Result Clicks,NA,NA,NA,0,0,0,0,0,NA,NA,NA,NA
OAPEN Library,EBSCO,Searches-federated and automated,NA,NA,NA,0,80,69,0,0,NA,NA,NA,NA
Old Testament Abstracts,EBSCO,Record Views,0,317,204,60,33,151,6,72,144,23,100,50
Old Testament Abstracts,EBSCO,Regular Searches,0,1432,977,491,992,1755,208,996,1056,529,830,430
Old Testament Abstracts,EBSCO,Result Clicks,0,471,345,125,50,222,13,124,257,50,135,95
Old Testament Abstracts,EBSCO,Searches-federated and automated,0,0,3,0,78,1052,4869,22396,18640,9814,24471,15596
Opera in Video,Alexander Street Press,Record Views,0,0,0,14,9,5,2,12,5,5,0,NA
Opera in Video,Alexander Street Press,Regular Searches,0,0,11,23,131,53,12,118,60,64,0,NA
Opera in Video,Alexander Street Press,Result Clicks,0,0,0,5,8,2,1,8,3,4,0,NA
Opera in Video,Alexander Street Press,Searches-federated and automated,0,0,0,0,0,0,0,0,0,0,0,NA
Opposing Viewpoints in Context,EBSCO,Record Views,NA,NA,NA,0,2,1,0,0,NA,NA,NA,NA
Opposing Viewpoints in Context,EBSCO,Regular Searches,NA,NA,NA,0,0,0,0,0,NA,NA,NA,NA
Opposing Viewpoints in Context,EBSCO,Result Clicks,NA,NA,NA,0,3,4,0,0,NA,NA,NA,NA
Opposing Viewpoints in Context,EBSCO,Searches-federated and automated,NA,NA,NA,0,81,72,0,0,NA,NA,NA,NA
Ovid MEDLINE(R),U.S. National Library of Medicine,Record Views,NA,NA,17,0,4,4,2,6,4,2,36,NA
Ovid MEDLINE(R),U.S. National Library of Medicine,Regular Searches,NA,NA,21,3,0,0,12,1,0,0,9,NA
Ovid MEDLINE(R),U.S. National Library of Medicine,Result Clicks,NA,NA,41,0,4,4,4,6,4,2,37,NA
Ovid MEDLINE(R),U.S. National Library of Medicine,Searches-federated and automated,NA,NA,0,0,0,0,0,0,0,0,0,NA
Oxford's Who's Who & Who Was Who,EBSCO,Record Views,NA,NA,NA,0,0,0,0,0,NA,NA,NA,NA
Oxford's Who's Who & Who Was Who,EBSCO,Regular Searches,NA,NA,NA,0,0,0,0,0,NA,NA,NA,NA
Oxford's Who's Who & Who Was Who,EBSCO,Result Clicks,NA,NA,NA,0,1,0,0,0,NA,NA,NA,NA
Oxford's Who's Who & Who Was Who,EBSCO,Searches-federated and automated,NA,NA,NA,0,80,69,0,0,NA,NA,NA,NA
Oxford African American Studies Center,EBSCO,Record Views,NA,NA,NA,0,0,0,0,0,NA,NA,NA,NA
Oxford African American Studies Center,EBSCO,Regular Searches,NA,NA,NA,0,0,0,0,0,NA,NA,NA,NA
Oxford African American Studies Center,EBSCO,Result Clicks,NA,NA,NA,0,0,0,0,0,NA,NA,NA,NA
Oxford African American Studies Center,EBSCO,Searches-federated and automated,NA,NA,NA,0,80,69,0,0,NA,NA,NA,NA
Oxford Biblical Studies Online,EBSCO,Record Views,NA,NA,NA,0,0,0,7,1,0,0,0,0
Oxford Biblical Studies Online,EBSCO,Regular Searches,NA,NA,NA,0,0,0,0,0,0,0,0,0
Oxford Biblical Studies Online,EBSCO,Result Clicks,NA,NA,NA,0,1,4,11,6,0,0,3,0
Oxford Biblical Studies Online,EBSCO,Searches-federated and automated,NA,NA,NA,0,80,138,220,3077,2088,1023,3470,1228
Oxford Bibliographies,EBSCO,Record Views,NA,NA,NA,0,0,0,0,0,NA,NA,NA,NA
Oxford Bibliographies,EBSCO,Regular Searches,NA,NA,NA,0,0,0,0,0,NA,NA,NA,NA
Oxford Bibliographies,EBSCO,Result Clicks,NA,NA,NA,0,0,0,0,0,NA,NA,NA,NA
Oxford Bibliographies,EBSCO,Searches-federated and automated,NA,NA,NA,0,80,69,0,0,NA,NA,NA,NA
Oxford Dictionary of National Biography,EBSCO,Record Views,NA,NA,NA,0,0,0,0,0,NA,NA,NA,NA
Oxford Dictionary of National Biography,EBSCO,Regular Searches,NA,NA,NA,0,0,0,0,0,NA,NA,NA,NA
Oxford Dictionary of National Biography,EBSCO,Result Clicks,NA,NA,NA,0,0,0,0,0,NA,NA,NA,NA
Oxford Dictionary of National Biography,EBSCO,Searches-federated and automated,NA,NA,NA,0,80,69,0,0,NA,NA,NA,NA
Oxford Handbooks Online,EBSCO,Record Views,NA,NA,NA,0,0,0,0,0,NA,NA,NA,NA
Oxford Handbooks Online,EBSCO,Regular Searches,NA,NA,NA,0,0,0,0,0,NA,NA,NA,NA
Oxford Handbooks Online,EBSCO,Result Clicks,NA,NA,NA,0,0,0,0,0,NA,NA,NA,NA
Oxford Handbooks Online,EBSCO,Searches-federated and automated,NA,NA,NA,0,80,71,0,0,NA,NA,NA,NA
Oxford Islamic Studies Online,EBSCO,Record Views,NA,NA,NA,0,0,0,0,0,NA,NA,NA,NA
Oxford Islamic Studies Online,EBSCO,Regular Searches,NA,NA,NA,0,0,0,0,0,NA,NA,NA,NA
Oxford Islamic Studies Online,EBSCO,Result Clicks,NA,NA,NA,0,0,0,0,0,NA,NA,NA,NA
Oxford Islamic Studies Online,EBSCO,Searches-federated and automated,NA,NA,NA,0,80,69,0,0,NA,NA,NA,NA
Oxford Medicine Online,EBSCO,Record Views,NA,NA,NA,0,0,0,0,0,NA,NA,NA,NA
Oxford Medicine Online,EBSCO,Regular Searches,NA,NA,NA,0,0,0,0,0,NA,NA,NA,NA
Oxford Medicine Online,EBSCO,Result Clicks,NA,NA,NA,0,0,0,0,0,NA,NA,NA,NA
Oxford Medicine Online,EBSCO,Searches-federated and automated,NA,NA,NA,0,80,69,0,0,NA,NA,NA,NA
Oxford Reference,EBSCO,Record Views,NA,NA,NA,0,0,0,0,0,NA,NA,NA,NA
Oxford Reference,EBSCO,Regular Searches,NA,NA,NA,0,0,0,0,0,NA,NA,NA,NA
Oxford Reference,EBSCO,Result Clicks,NA,NA,NA,0,0,0,0,0,NA,NA,NA,NA
Oxford Reference,EBSCO,Searches-federated and automated,NA,NA,NA,0,80,71,0,0,NA,NA,NA,NA
Oxford Scholarly Editions Online,EBSCO,Record Views,NA,NA,NA,0,0,0,0,0,NA,NA,NA,NA
Oxford Scholarly Editions Online,EBSCO,Regular Searches,NA,NA,NA,0,0,0,0,0,NA,NA,NA,NA
Oxford Scholarly Editions Online,EBSCO,Result Clicks,NA,NA,NA,0,0,0,0,0,NA,NA,NA,NA
Oxford Scholarly Editions Online,EBSCO,Searches-federated and automated,NA,NA,NA,0,80,69,0,0,NA,NA,NA,NA
Oxford Scholarship Online,EBSCO,Record Views,NA,NA,NA,0,0,1,0,0,NA,NA,NA,NA
Oxford Scholarship Online,EBSCO,Regular Searches,NA,NA,NA,0,0,0,0,0,NA,NA,NA,NA
Oxford Scholarship Online,EBSCO,Result Clicks,NA,NA,NA,0,0,2,0,0,NA,NA,NA,NA
Oxford Scholarship Online,EBSCO,Searches-federated and automated,NA,NA,NA,0,80,72,0,0,NA,NA,NA,NA
Persée,EBSCO,Record Views,NA,NA,NA,0,0,0,0,0,NA,NA,NA,NA
Persée,EBSCO,Regular Searches,NA,NA,NA,0,0,0,0,0,NA,NA,NA,NA
Persée,EBSCO,Result Clicks,NA,NA,NA,0,0,0,0,0,NA,NA,NA,NA
Persée,EBSCO,Searches-federated and automated,NA,NA,NA,0,80,69,0,0,NA,NA,NA,NA
Philosopher's Index,EBSCO,Record Views,0,0,0,45,21,23,0,0,NA,NA,NA,NA
Philosopher's Index,EBSCO,Regular Searches,0,0,538,423,1009,1554,0,0,NA,NA,NA,NA
Philosopher's Index,EBSCO,Result Clicks,0,0,0,73,38,52,0,0,NA,NA,NA,NA
Philosopher's Index,EBSCO,Searches-federated and automated,0,0,3,0,80,1125,5,0,NA,NA,NA,NA
Philosophers Index with Full Text,EBSCO,Record Views,NA,NA,NA,0,0,0,12,194,112,60,0,0
Philosophers Index with Full Text,EBSCO,Regular Searches,NA,NA,NA,0,0,0,65,979,957,466,0,0
Philosophers Index with Full Text,EBSCO,Result Clicks,NA,NA,NA,0,0,0,28,368,246,124,0,0
Philosophers Index with Full Text,EBSCO,Searches-federated and automated,NA,NA,NA,0,0,0,1163,22663,18839,7588,0,0
PhilSci Archive,EBSCO,Record Views,NA,NA,NA,0,0,0,0,0,NA,NA,NA,NA
PhilSci Archive,EBSCO,Regular Searches,NA,NA,NA,0,0,0,0,0,NA,NA,NA,NA
PhilSci Archive,EBSCO,Result Clicks,NA,NA,NA,0,0,0,0,0,NA,NA,NA,NA
PhilSci Archive,EBSCO,Searches-federated and automated,NA,NA,NA,0,80,69,0,0,NA,NA,NA,NA
Primary Search,EBSCO,Record Views,0,0,0,0,0,0,0,0,0,0,3,0
Primary Search,EBSCO,Regular Searches,301,1231,687,406,1175,1719,209,965,960,497,753,406
Primary Search,EBSCO,Result Clicks,0,0,0,0,0,1,0,0,1,0,6,0
Primary Search,EBSCO,Searches-federated and automated,39,0,3,0,80,1128,1033,3105,2106,1044,3531,1238
Professional Development Collection,EBSCO,Record Views,202,65,22,19,50,91,54,205,260,215,412,157
Professional Development Collection,EBSCO,Regular Searches,350,1209,755,448,1221,2039,238,1026,1038,528,778,409
Professional Development Collection,EBSCO,Result Clicks,331,164,52,44,101,193,131,402,469,403,774,286
Professional Development Collection,EBSCO,Searches-federated and automated,39,0,3,0,80,1136,4912,22704,18869,9901,24701,15765
Project MUSE,EBSCO,Record Views,NA,NA,NA,0,0,5,40,199,86,39,82,61
Project MUSE,EBSCO,Regular Searches,NA,NA,NA,0,0,0,0,0,0,0,0,0
Project MUSE,EBSCO,Result Clicks,NA,NA,NA,0,0,22,86,354,165,95,155,112
Project MUSE,EBSCO,Searches-federated and automated,NA,NA,NA,0,80,1124,4888,22512,18670,9762,24132,15427
Project MUSE,Johns Hopkins University Press,Record Views,NA,NA,424,90,0,0,0,0,0,0,0,NA
Project MUSE,Johns Hopkins University Press,Regular Searches,NA,NA,5600,634,615,884,115,616,586,180,591,NA
Project MUSE,Johns Hopkins University Press,Result Clicks,NA,NA,332,86,229,354,61,241,273,137,197,NA
Project MUSE,Johns Hopkins University Press,Searches-federated and automated,NA,NA,0,0,0,0,0,0,0,0,0,NA
PsycARTICLES,EBSCO,Record Views,7,83,151,31,137,210,59,326,496,183,493,228
PsycARTICLES,EBSCO,Regular Searches,350,1303,1332,542,1972,2754,319,1267,1215,658,998,552
PsycARTICLES,EBSCO,Result Clicks,19,249,367,96,351,480,131,655,1004,370,1007,539
PsycARTICLES,EBSCO,Searches-federated and automated,40,0,3,0,80,69,3860,19539,16739,8854,21146,14523
PsycBOOKS,EBSCO,Record Views,NA,NA,NA,0,0,0,0,0,NA,NA,NA,NA
PsycBOOKS,EBSCO,Regular Searches,NA,NA,NA,0,0,0,0,0,NA,NA,NA,NA
PsycBOOKS,EBSCO,Result Clicks,NA,NA,NA,0,0,0,0,0,NA,NA,NA,NA
PsycBOOKS,EBSCO,Searches-federated and automated,NA,NA,NA,0,80,69,0,0,NA,NA,NA,NA
PsycCRITIQUES,EBSCO,Record Views,NA,NA,NA,0,0,0,0,0,NA,NA,NA,NA
PsycCRITIQUES,EBSCO,Regular Searches,NA,NA,NA,0,0,0,0,0,NA,NA,NA,NA
PsycCRITIQUES,EBSCO,Result Clicks,NA,NA,NA,0,0,0,0,0,NA,NA,NA,NA
PsycCRITIQUES,EBSCO,Searches-federated and automated,NA,NA,NA,0,80,71,0,0,NA,NA,NA,NA
PsycheVisual,EBSCO,Record Views,NA,NA,NA,0,0,0,0,0,NA,NA,NA,NA
PsycheVisual,EBSCO,Regular Searches,NA,NA,NA,0,0,0,0,0,NA,NA,NA,NA
PsycheVisual,EBSCO,Result Clicks,NA,NA,NA,0,0,0,0,0,NA,NA,NA,NA
PsycheVisual,EBSCO,Searches-federated and automated,NA,NA,NA,0,80,69,0,0,NA,NA,NA,NA
PsycINFO,EBSCO,Record Views,369,3578,3600,664,4805,5083,337,3224,4943,903,4486,2216
PsycINFO,EBSCO,Regular Searches,794,6306,5682,1049,7303,8108,697,4940,6941,1843,5834,2760
PsycINFO,EBSCO,Result Clicks,727,6401,6653,980,7975,8853,596,5551,8043,1590,7706,3864
PsycINFO,EBSCO,Searches-federated and automated,39,0,3,0,80,71,3854,19566,16729,8848,21152,14500
Public Information Online,EBSCO,Record Views,NA,NA,NA,0,0,0,0,0,NA,NA,NA,NA
Public Information Online,EBSCO,Regular Searches,NA,NA,NA,0,0,0,0,0,NA,NA,NA,NA
Public Information Online,EBSCO,Result Clicks,NA,NA,NA,0,0,0,0,0,NA,NA,NA,NA
Public Information Online,EBSCO,Searches-federated and automated,NA,NA,NA,0,80,69,0,0,NA,NA,NA,NA
Publications New Zealand Metadata,EBSCO,Record Views,NA,NA,NA,0,0,0,0,0,NA,NA,NA,NA
Publications New Zealand Metadata,EBSCO,Regular Searches,NA,NA,NA,0,0,0,0,0,NA,NA,NA,NA
Publications New Zealand Metadata,EBSCO,Result Clicks,NA,NA,NA,0,0,0,0,0,NA,NA,NA,NA
Publications New Zealand Metadata,EBSCO,Searches-federated and automated,NA,NA,NA,0,80,71,0,0,NA,NA,NA,NA
Publisher Provided Full Text Searching File,EBSCO,Record Views,NA,NA,NA,0,0,26,139,683,699,363,1124,644
Publisher Provided Full Text Searching File,EBSCO,Regular Searches,NA,NA,NA,0,0,0,0,0,0,0,0,0
Publisher Provided Full Text Searching File,EBSCO,Result Clicks,NA,NA,NA,0,0,41,301,1217,1247,718,2052,1227
Publisher Provided Full Text Searching File,EBSCO,Searches-federated and automated,NA,NA,NA,0,80,1154,4948,22962,19067,9965,24942,15894
R2 Digital Library,EBSCO,Record Views,NA,NA,NA,0,0,0,0,0,NA,NA,NA,NA
R2 Digital Library,EBSCO,Regular Searches,NA,NA,NA,0,0,0,0,0,NA,NA,NA,NA
R2 Digital Library,EBSCO,Result Clicks,NA,NA,NA,0,0,0,0,0,NA,NA,NA,NA
R2 Digital Library,EBSCO,Searches-federated and automated,NA,NA,NA,0,80,69,0,0,NA,NA,NA,NA
RACO,EBSCO,Record Views,NA,NA,NA,0,0,0,0,0,NA,NA,NA,NA
RACO,EBSCO,Regular Searches,NA,NA,NA,0,0,0,0,0,NA,NA,NA,NA
RACO,EBSCO,Result Clicks,NA,NA,NA,0,0,0,0,0,NA,NA,NA,NA
RACO,EBSCO,Searches-federated and automated,NA,NA,NA,0,80,71,0,0,NA,NA,NA,NA
RAMBI,EBSCO,Record Views,NA,NA,NA,0,0,0,0,0,NA,NA,NA,NA
RAMBI,EBSCO,Regular Searches,NA,NA,NA,0,0,0,0,0,NA,NA,NA,NA
RAMBI,EBSCO,Result Clicks,NA,NA,NA,0,0,0,0,0,NA,NA,NA,NA
RAMBI,EBSCO,Searches-federated and automated,NA,NA,NA,0,80,69,0,0,NA,NA,NA,NA
RCAAP,EBSCO,Record Views,NA,NA,NA,0,0,0,0,0,NA,NA,NA,NA
RCAAP,EBSCO,Regular Searches,NA,NA,NA,0,0,0,0,0,NA,NA,NA,NA
RCAAP,EBSCO,Result Clicks,NA,NA,NA,0,0,0,0,0,NA,NA,NA,NA
RCAAP,EBSCO,Searches-federated and automated,NA,NA,NA,0,80,71,0,0,NA,NA,NA,NA
ReadEx,EBSCO,Record Views,NA,NA,NA,0,0,NA,NA,NA,NA,NA,NA,NA
ReadEx,EBSCO,Regular Searches,NA,NA,NA,0,0,NA,NA,NA,NA,NA,NA,NA
ReadEx,EBSCO,Result Clicks,NA,NA,NA,0,0,NA,NA,NA,NA,NA,NA,NA
ReadEx,EBSCO,Searches-federated and automated,NA,NA,NA,0,3,NA,NA,NA,NA,NA,NA,NA
RECERCAT,EBSCO,Record Views,NA,NA,NA,0,0,0,0,0,NA,NA,NA,NA
RECERCAT,EBSCO,Regular Searches,NA,NA,NA,0,0,0,0,0,NA,NA,NA,NA
RECERCAT,EBSCO,Result Clicks,NA,NA,NA,0,0,0,0,0,NA,NA,NA,NA
RECERCAT,EBSCO,Searches-federated and automated,NA,NA,NA,0,80,71,0,0,NA,NA,NA,NA
Regional Business News,EBSCO,Record Views,0,67,7,18,34,21,45,188,110,209,202,227
Regional Business News,EBSCO,Regular Searches,316,1129,632,413,975,1551,211,996,1147,674,867,515
Regional Business News,EBSCO,Result Clicks,0,134,12,33,73,37,59,278,169,371,311,390
Regional Business News,EBSCO,Searches-federated and automated,39,0,3,0,80,1148,4896,22598,18791,9868,24611,15703
Research Starters,EBSCO,Record Views,NA,NA,NA,0,0,5,1,3,10,1,8,4
Research Starters,EBSCO,Regular Searches,NA,NA,NA,0,0,0,0,0,0,0,0,0
Research Starters,EBSCO,Result Clicks,NA,NA,NA,0,6,18,7,43,64,18,85,22
Research Starters,EBSCO,Searches-federated and automated,NA,NA,NA,0,52,1148,1030,3073,2088,1034,3506,1247
RILM Abstracts of Music Literature (1967 to Present only),EBSCO,Record Views,1,364,10,10,164,22,4,112,44,17,212,10
RILM Abstracts of Music Literature (1967 to Present only),EBSCO,Regular Searches,296,1528,627,389,1245,1514,195,1036,964,501,945,398
RILM Abstracts of Music Literature (1967 to Present only),EBSCO,Result Clicks,2,559,10,27,270,38,7,176,73,27,330,16
RILM Abstracts of Music Literature (1967 to Present only),EBSCO,Searches-federated and automated,39,0,3,0,80,1122,4876,22437,18672,9840,24549,15632
Rivisteweb,EBSCO,Record Views,NA,NA,NA,0,0,0,0,0,NA,NA,NA,NA
Rivisteweb,EBSCO,Regular Searches,NA,NA,NA,0,0,0,0,0,NA,NA,NA,NA
Rivisteweb,EBSCO,Result Clicks,NA,NA,NA,0,0,0,0,0,NA,NA,NA,NA
Rivisteweb,EBSCO,Searches-federated and automated,NA,NA,NA,0,80,69,0,0,NA,NA,NA,NA
Rock's Backpages,EBSCO,Record Views,NA,NA,NA,0,0,0,0,0,NA,NA,NA,NA
Rock's Backpages,EBSCO,Regular Searches,NA,NA,NA,0,0,0,0,0,NA,NA,NA,NA
Rock's Backpages,EBSCO,Result Clicks,NA,NA,NA,0,0,0,0,0,NA,NA,NA,NA
Rock's Backpages,EBSCO,Searches-federated and automated,NA,NA,NA,0,80,69,0,0,NA,NA,NA,NA
Roubini Global Economics,EBSCO,Record Views,NA,NA,NA,0,0,0,0,0,NA,NA,NA,NA
Roubini Global Economics,EBSCO,Regular Searches,NA,NA,NA,0,0,0,0,0,NA,NA,NA,NA
Roubini Global Economics,EBSCO,Result Clicks,NA,NA,NA,0,0,0,0,0,NA,NA,NA,NA
Roubini Global Economics,EBSCO,Searches-federated and automated,NA,NA,NA,0,80,69,0,0,NA,NA,NA,NA
SA ePublications Service,EBSCO,Record Views,NA,NA,NA,0,0,0,0,0,NA,NA,NA,NA
SA ePublications Service,EBSCO,Regular Searches,NA,NA,NA,0,0,0,0,0,NA,NA,NA,NA
SA ePublications Service,EBSCO,Result Clicks,NA,NA,NA,0,0,0,0,0,NA,NA,NA,NA
SA ePublications Service,EBSCO,Searches-federated and automated,NA,NA,NA,0,80,71,0,0,NA,NA,NA,NA
ScholarVox,EBSCO,Record Views,NA,NA,NA,0,0,0,0,0,NA,NA,NA,NA
ScholarVox,EBSCO,Regular Searches,NA,NA,NA,0,0,0,0,0,NA,NA,NA,NA
ScholarVox,EBSCO,Result Clicks,NA,NA,NA,0,0,0,0,0,NA,NA,NA,NA
ScholarVox,EBSCO,Searches-federated and automated,NA,NA,NA,0,80,69,0,0,NA,NA,NA,NA
SciELO,EBSCO,Record Views,NA,NA,NA,0,0,0,0,0,NA,NA,NA,NA
SciELO,EBSCO,Regular Searches,NA,NA,NA,0,0,0,0,0,NA,NA,NA,NA
SciELO,EBSCO,Result Clicks,NA,NA,NA,0,0,0,0,0,NA,NA,NA,NA
SciELO,EBSCO,Searches-federated and automated,NA,NA,NA,0,80,71,0,0,NA,NA,NA,NA
ScienceDirect,EBSCO,Record Views,NA,NA,NA,0,1,4,272,1325,1416,552,2277,1567
ScienceDirect,EBSCO,Regular Searches,NA,NA,NA,0,0,0,0,0,0,0,0,0
ScienceDirect,EBSCO,Result Clicks,NA,NA,NA,0,3,24,561,2290,2638,1045,3853,2924
ScienceDirect,EBSCO,Searches-federated and automated,NA,NA,NA,0,80,1122,4888,22589,18814,9870,24629,15709
SciTech Connect,EBSCO,Record Views,NA,NA,NA,0,0,0,0,1,0,0,0,0
SciTech Connect,EBSCO,Regular Searches,NA,NA,NA,0,0,0,0,0,0,0,0,0
SciTech Connect,EBSCO,Result Clicks,NA,NA,NA,0,0,0,0,1,0,0,2,0
SciTech Connect,EBSCO,Searches-federated and automated,NA,NA,NA,0,0,0,487,3077,2093,1037,3517,1236
Small Engine Repair Reference Center,EBSCO,Record Views,NA,NA,NA,0,0,0,0,0,NA,NA,NA,NA
Small Engine Repair Reference Center,EBSCO,Regular Searches,NA,NA,NA,0,0,0,2,0,NA,NA,NA,NA
Small Engine Repair Reference Center,EBSCO,Result Clicks,NA,NA,NA,0,0,0,0,0,NA,NA,NA,NA
Small Engine Repair Reference Center,EBSCO,Searches-federated and automated,NA,NA,NA,0,0,0,0,0,NA,NA,NA,NA
SocINDEX with Full Text,EBSCO,Record Views,NA,NA,NA,0,0,0,37,2371,1568,284,1586,488
SocINDEX with Full Text,EBSCO,Regular Searches,NA,NA,NA,0,0,0,62,2386,1854,591,1548,703
SocINDEX with Full Text,EBSCO,Result Clicks,NA,NA,NA,0,0,0,74,3550,2523,534,2536,880
SocINDEX with Full Text,EBSCO,Searches-federated and automated,NA,NA,NA,0,0,0,1175,22842,18984,9961,24853,15819
SOFIS - Sozialwissenschaftliche Forschungsinformationen,EBSCO,Record Views,NA,NA,NA,0,0,0,0,0,NA,NA,NA,NA
SOFIS - Sozialwissenschaftliche Forschungsinformationen,EBSCO,Regular Searches,NA,NA,NA,0,0,0,0,0,NA,NA,NA,NA
SOFIS - Sozialwissenschaftliche Forschungsinformationen,EBSCO,Result Clicks,NA,NA,NA,0,0,0,0,0,NA,NA,NA,NA
SOFIS - Sozialwissenschaftliche Forschungsinformationen,EBSCO,Searches-federated and automated,NA,NA,NA,0,80,69,0,0,NA,NA,NA,NA
SOLIS - Sozialwissenschaftliche Literatur,EBSCO,Record Views,NA,NA,NA,0,0,0,0,0,NA,NA,NA,NA
SOLIS - Sozialwissenschaftliche Literatur,EBSCO,Regular Searches,NA,NA,NA,0,0,0,0,0,NA,NA,NA,NA
SOLIS - Sozialwissenschaftliche Literatur,EBSCO,Result Clicks,NA,NA,NA,0,0,0,0,0,NA,NA,NA,NA
SOLIS - Sozialwissenschaftliche Literatur,EBSCO,Searches-federated and automated,NA,NA,NA,0,80,69,0,0,NA,NA,NA,NA
Spanish Patient Education,EBSCO,Record Views,NA,NA,NA,NA,NA,NA,NA,NA,0,0,0,0
Spanish Patient Education,EBSCO,Regular Searches,NA,NA,NA,NA,NA,NA,NA,NA,1,0,2,0
Spanish Patient Education,EBSCO,Result Clicks,NA,NA,NA,NA,NA,NA,NA,NA,0,0,0,0
Spanish Patient Education,EBSCO,Searches-federated and automated,NA,NA,NA,NA,NA,NA,NA,NA,0,0,0,0
SPORTDiscus with Full Text,EBSCO,Record Views,NA,NA,NA,NA,NA,NA,NA,NA,20,3,0,0
SPORTDiscus with Full Text,EBSCO,Regular Searches,NA,NA,NA,NA,NA,NA,NA,NA,610,119,0,0
SPORTDiscus with Full Text,EBSCO,Result Clicks,NA,NA,NA,NA,NA,NA,NA,NA,28,6,0,0
SPORTDiscus with Full Text,EBSCO,Searches-federated and automated,NA,NA,NA,NA,NA,NA,NA,NA,0,0,0,0
"Sports Medicine and Exercise Science in Video, Volume 1",Alexander Street Press,Record Views,0,0,1,2,14,9,1,5,6,3,8,NA
"Sports Medicine and Exercise Science in Video, Volume 1",Alexander Street Press,Regular Searches,0,0,5,19,130,46,5,19,12,14,27,NA
"Sports Medicine and Exercise Science in Video, Volume 1",Alexander Street Press,Result Clicks,0,0,0,2,14,8,0,2,3,0,1,NA
"Sports Medicine and Exercise Science in Video, Volume 1",Alexander Street Press,Searches-federated and automated,0,0,0,0,0,0,0,0,0,0,0,NA
SpringerMaterials,EBSCO,Record Views,NA,NA,NA,0,0,0,0,0,0,0,0,0
SpringerMaterials,EBSCO,Regular Searches,NA,NA,NA,0,0,0,0,0,0,0,0,0
SpringerMaterials,EBSCO,Result Clicks,NA,NA,NA,0,0,0,0,0,0,0,13,0
SpringerMaterials,EBSCO,Searches-federated and automated,NA,NA,NA,0,0,1052,1030,3071,2094,1035,3508,1235
SSOAR – Social Science Open Access Repository,EBSCO,Record Views,NA,NA,NA,0,0,0,0,0,NA,NA,NA,NA
SSOAR – Social Science Open Access Repository,EBSCO,Regular Searches,NA,NA,NA,0,0,0,0,0,NA,NA,NA,NA
SSOAR – Social Science Open Access Repository,EBSCO,Result Clicks,NA,NA,NA,0,0,0,0,0,NA,NA,NA,NA
SSOAR – Social Science Open Access Repository,EBSCO,Searches-federated and automated,NA,NA,NA,0,80,69,0,0,NA,NA,NA,NA
STAT!Ref,EBSCO,Record Views,NA,NA,NA,0,0,0,0,1,0,0,4,0
STAT!Ref,EBSCO,Regular Searches,NA,NA,NA,0,0,0,0,0,0,0,0,0
STAT!Ref,EBSCO,Result Clicks,NA,NA,NA,0,0,0,0,2,0,0,5,0
STAT!Ref,EBSCO,Searches-federated and automated,NA,NA,NA,0,80,1125,1031,3070,2086,1033,3509,1236
Supplemental Index,EBSCO,Record Views,NA,NA,NA,0,1,2,14,53,65,21,136,88
Supplemental Index,EBSCO,Regular Searches,NA,NA,NA,0,0,0,0,0,0,0,0,0
Supplemental Index,EBSCO,Result Clicks,NA,NA,NA,0,2,5,42,91,126,49,233,151
Supplemental Index,EBSCO,Searches-federated and automated,NA,NA,NA,0,80,1137,4908,22717,18848,9899,24725,15754
Swedish National Bibliography,EBSCO,Record Views,NA,NA,NA,0,0,0,0,0,NA,NA,NA,NA
Swedish National Bibliography,EBSCO,Regular Searches,NA,NA,NA,0,0,0,0,0,NA,NA,NA,NA
Swedish National Bibliography,EBSCO,Result Clicks,NA,NA,NA,0,0,0,0,0,NA,NA,NA,NA
Swedish National Bibliography,EBSCO,Searches-federated and automated,NA,NA,NA,0,80,71,0,0,NA,NA,NA,NA
SwePub,EBSCO,Record Views,NA,NA,NA,0,0,1,0,0,NA,NA,NA,NA
SwePub,EBSCO,Regular Searches,NA,NA,NA,0,0,0,0,0,NA,NA,NA,NA
SwePub,EBSCO,Result Clicks,NA,NA,NA,0,0,2,0,0,NA,NA,NA,NA
SwePub,EBSCO,Searches-federated and automated,NA,NA,NA,0,80,221,0,0,NA,NA,NA,NA
TDX,EBSCO,Record Views,NA,NA,NA,0,0,0,0,0,NA,NA,NA,NA
TDX,EBSCO,Regular Searches,NA,NA,NA,0,0,0,0,0,NA,NA,NA,NA
TDX,EBSCO,Result Clicks,NA,NA,NA,0,0,0,0,0,NA,NA,NA,NA
TDX,EBSCO,Searches-federated and automated,NA,NA,NA,0,80,69,0,0,NA,NA,NA,NA
Teacher Reference Center,EBSCO,Record Views,0,0,0,0,3,1,0,3,1,0,2,2
Teacher Reference Center,EBSCO,Regular Searches,300,1134,646,377,954,1550,199,936,951,508,730,401
Teacher Reference Center,EBSCO,Result Clicks,0,0,0,0,5,2,0,7,1,0,4,4
Teacher Reference Center,EBSCO,Searches-federated and automated,39,0,3,0,80,1134,1037,3103,2105,1053,3544,1237
The Criterion Collection,Alexander Street Press,Record Views,0,0,0,0,3,0,0,0,0,0,0,NA
The Criterion Collection,Alexander Street Press,Regular Searches,0,0,0,0,6,0,0,0,0,0,0,NA
The Criterion Collection,Alexander Street Press,Result Clicks,0,0,0,0,1,0,0,0,0,0,0,NA
The Criterion Collection,Alexander Street Press,Searches-federated and automated,0,0,0,0,0,0,0,0,0,0,0,NA
The PBS Video Collection,Alexander Street Press,Record Views,0,0,0,22,86,21,1,25,14,8,30,NA
The PBS Video Collection,Alexander Street Press,Regular Searches,0,0,0,87,213,71,24,69,56,22,64,NA
The PBS Video Collection,Alexander Street Press,Result Clicks,0,0,0,22,44,17,0,4,8,1,1,NA
The PBS Video Collection,Alexander Street Press,Searches-federated and automated,0,0,0,0,0,0,0,0,0,0,0,NA
University Press Scholarship Online,EBSCO,Record Views,NA,NA,NA,0,0,0,0,0,NA,NA,NA,NA
University Press Scholarship Online,EBSCO,Regular Searches,NA,NA,NA,0,0,0,0,0,NA,NA,NA,NA
University Press Scholarship Online,EBSCO,Result Clicks,NA,NA,NA,0,0,0,0,0,NA,NA,NA,NA
University Press Scholarship Online,EBSCO,Searches-federated and automated,NA,NA,NA,0,80,71,0,0,NA,NA,NA,NA
USPTO Patent Applications,EBSCO,Record Views,NA,NA,NA,0,0,0,0,0,NA,NA,NA,NA
USPTO Patent Applications,EBSCO,Regular Searches,NA,NA,NA,0,0,0,0,0,NA,NA,NA,NA
USPTO Patent Applications,EBSCO,Result Clicks,NA,NA,NA,0,0,0,0,0,NA,NA,NA,NA
USPTO Patent Applications,EBSCO,Searches-federated and automated,NA,NA,NA,0,80,69,0,0,NA,NA,NA,NA
USPTO Patent Grants,EBSCO,Record Views,NA,NA,NA,0,0,0,0,0,NA,NA,NA,NA
USPTO Patent Grants,EBSCO,Regular Searches,NA,NA,NA,0,0,0,0,0,NA,NA,NA,NA
USPTO Patent Grants,EBSCO,Result Clicks,NA,NA,NA,0,0,0,0,0,NA,NA,NA,NA
USPTO Patent Grants,EBSCO,Searches-federated and automated,NA,NA,NA,0,80,69,0,0,NA,NA,NA,NA
World Book,EBSCO,Record Views,NA,NA,NA,0,0,0,0,0,NA,NA,NA,NA
World Book,EBSCO,Regular Searches,NA,NA,NA,0,0,0,0,0,NA,NA,NA,NA
World Book,EBSCO,Result Clicks,NA,NA,NA,0,0,0,0,0,NA,NA,NA,NA
World Book,EBSCO,Searches-federated and automated,NA,NA,NA,0,80,69,0,0,NA,NA,NA,NA
World History in Video,Alexander Street Press,Record Views,0,0,19,15,84,20,3,54,13,7,102,NA
World History in Video,Alexander Street Press,Regular Searches,0,0,9,73,105,49,10,16,38,28,88,NA
World History in Video,Alexander Street Press,Result Clicks,0,0,2,15,33,10,0,6,1,0,8,NA
World History in Video,Alexander Street Press,Searches-federated and automated,0,0,0,0,0,0,0,0,0,0,0,NA
